faaRegion,city,state,apType,latitude,longitude,airport,year,totDepart,totArriv,totCanc
ASW,ALBUQUERQUE,NM,Federalized/Commercial,35.040194,-106.609194,ABQ,2004,53971,53818,477.0
ASW,ALBUQUERQUE,NM,Federalized/Commercial,35.040194,-106.609194,ABQ,2005,51829,51877,411.0
ASW,ALBUQUERQUE,NM,Federalized/Commercial,35.040194,-106.609194,ABQ,2006,49682,51199,721.0
ASW,ALBUQUERQUE,NM,Federalized/Commercial,35.040194,-106.609194,ABQ,2007,53255,53611,670.0
ASW,ALBUQUERQUE,NM,Federalized/Commercial,35.040194,-106.609194,ABQ,2008,49589,49512,633.0
ASW,ALBUQUERQUE,NM,Federalized/Commercial,35.040194,-106.609194,ABQ,2009,42550,42704,354.0
ASW,ALBUQUERQUE,NM,Federalized/Commercial,35.040194,-106.609194,ABQ,2010,42302,42169,399.0
ASW,ALBUQUERQUE,NM,Federalized/Commercial,35.040194,-106.609194,ABQ,2011,42283,42297,639.0
ASW,ALBUQUERQUE,NM,Federalized/Commercial,35.040194,-106.609194,ABQ,2012,39105,39107,418.0
ASW,ALBUQUERQUE,NM,Federalized/Commercial,35.040194,-106.609194,ABQ,2013,35277,34989,444.0
ASW,ALBUQUERQUE,NM,Federalized/Commercial,35.040194,-106.609194,ABQ,2014,33292,33137,589.0
AAL,ANCHORAGE,AK,Federalized/Commercial,61.174083,-149.998194,ANC,2004,16503,15511,1005.0
AAL,ANCHORAGE,AK,Federalized/Commercial,61.174083,-149.998194,ANC,2005,72043,67034,908.0
AAL,ANCHORAGE,AK,Federalized/Commercial,61.174083,-149.998194,ANC,2006,75708,69995,803.0
AAL,ANCHORAGE,AK,Federalized/Commercial,61.174083,-149.998194,ANC,2007,78741,73323,782.0
AAL,ANCHORAGE,AK,Federalized/Commercial,61.174083,-149.998194,ANC,2008,76606,72479,623.0
AAL,ANCHORAGE,AK,Federalized/Commercial,61.174083,-149.998194,ANC,2009,67252,63135,775.0
AAL,ANCHORAGE,AK,Federalized/Commercial,61.174083,-149.998194,ANC,2010,73089,68125,353.0
AAL,ANCHORAGE,AK,Federalized/Commercial,61.174083,-149.998194,ANC,2011,72556,66845,456.0
AAL,ANCHORAGE,AK,Federalized/Commercial,61.174083,-149.998194,ANC,2012,70322,66453,500.0
AAL,ANCHORAGE,AK,Federalized/Commercial,61.174083,-149.998194,ANC,2013,69984,65469,325.0
AAL,ANCHORAGE,AK,Federalized/Commercial,61.174083,-149.998194,ANC,2014,71099,66704,273.0
ASO,ATLANTA,GA,Federalized/Commercial,33.6367,-84.427864,ATL,2004,477323,473249,16303.0
ASO,ATLANTA,GA,Federalized/Commercial,33.6367,-84.427864,ATL,2005,484570,480171,28317.0
ASO,ATLANTA,GA,Federalized/Commercial,33.6367,-84.427864,ATL,2006,483334,478735,13925.0
ASO,ATLANTA,GA,Federalized/Commercial,33.6367,-84.427864,ATL,2007,491826,486799,14586.0
ASO,ATLANTA,GA,Federalized/Commercial,33.6367,-84.427864,ATL,2008,482903,478627,12535.0
ASO,ATLANTA,GA,Federalized/Commercial,33.6367,-84.427864,ATL,2009,479957,475882,11627.0
ASO,ATLANTA,GA,Federalized/Commercial,33.6367,-84.427864,ATL,2010,469542,465911,17477.0
ASO,ATLANTA,GA,Federalized/Commercial,33.6367,-84.427864,ATL,2011,454954,453734,14039.0
ASO,ATLANTA,GA,Federalized/Commercial,33.6367,-84.427864,ATL,2012,457501,455968,5041.0
ASO,ATLANTA,GA,Federalized/Commercial,33.6367,-84.427864,ATL,2013,448180,445498,6366.0
ASO,ATLANTA,GA,Federalized/Commercial,33.6367,-84.427864,ATL,2014,428954,428312,12460.0
ASW,AUSTIN,TX,Federalized/Commercial,30.194528,-97.669889,AUS,2004,14094,14052,913.0
ASW,AUSTIN,TX,Federalized/Commercial,30.194528,-97.669889,AUS,2005,55790,55678,846.0
ASW,AUSTIN,TX,Federalized/Commercial,30.194528,-97.669889,AUS,2006,56809,56704,827.0
ASW,AUSTIN,TX,Federalized/Commercial,30.194528,-97.669889,AUS,2007,62255,62685,1600.0
ASW,AUSTIN,TX,Federalized/Commercial,30.194528,-97.669889,AUS,2008,60425,60559,1420.0
ASW,AUSTIN,TX,Federalized/Commercial,30.194528,-97.669889,AUS,2009,53686,53651,559.0
ASW,AUSTIN,TX,Federalized/Commercial,30.194528,-97.669889,AUS,2010,54502,54481,663.0
ASW,AUSTIN,TX,Federalized/Commercial,30.194528,-97.669889,AUS,2011,55584,55526,824.0
ASW,AUSTIN,TX,Federalized/Commercial,30.194528,-97.669889,AUS,2012,56043,55752,676.0
ASW,AUSTIN,TX,Federalized/Commercial,30.194528,-97.669889,AUS,2013,58240,58316,708.0
ASW,AUSTIN,TX,Federalized/Commercial,30.194528,-97.669889,AUS,2014,60588,60264,919.0
ANE,WINDSOR LOCKS,CT,Federalized/Commercial,41.939145,-72.683371,BDL,2004,52897,52093,794.0
ANE,WINDSOR LOCKS,CT,Federalized/Commercial,41.939145,-72.683371,BDL,2005,58287,57128,1388.0
ANE,WINDSOR LOCKS,CT,Federalized/Commercial,41.939145,-72.683371,BDL,2006,54169,53701,1047.0
ANE,WINDSOR LOCKS,CT,Federalized/Commercial,41.939145,-72.683371,BDL,2007,52603,52050,1442.0
ANE,WINDSOR LOCKS,CT,Federalized/Commercial,41.939145,-72.683371,BDL,2008,47467,46956,1086.0
ANE,WINDSOR LOCKS,CT,Federalized/Commercial,41.939145,-72.683371,BDL,2009,39994,39698,661.0
ANE,WINDSOR LOCKS,CT,Federalized/Commercial,41.939145,-72.683371,BDL,2010,39685,39309,891.0
ANE,WINDSOR LOCKS,CT,Federalized/Commercial,41.939145,-72.683371,BDL,2011,42774,42628,1168.0
ANE,WINDSOR LOCKS,CT,Federalized/Commercial,41.939145,-72.683371,BDL,2012,39274,39122,552.0
ANE,WINDSOR LOCKS,CT,Federalized/Commercial,41.939145,-72.683371,BDL,2013,38505,38508,695.0
ANE,WINDSOR LOCKS,CT,Federalized/Commercial,41.939145,-72.683371,BDL,2014,39279,39109,888.0
ASO,BIRMINGHAM,AL,Federalized/Commercial,33.563889,-86.752306,BHM,2004,9336,9557,734.0
ASO,BIRMINGHAM,AL,Federalized/Commercial,33.563889,-86.752306,BHM,2005,36146,36973,814.0
ASO,BIRMINGHAM,AL,Federalized/Commercial,33.563889,-86.752306,BHM,2006,33169,33672,544.0
ASO,BIRMINGHAM,AL,Federalized/Commercial,33.563889,-86.752306,BHM,2007,35612,35925,830.0
ASO,BIRMINGHAM,AL,Federalized/Commercial,33.563889,-86.752306,BHM,2008,34605,34766,726.0
ASO,BIRMINGHAM,AL,Federalized/Commercial,33.563889,-86.752306,BHM,2009,29422,29959,458.0
ASO,BIRMINGHAM,AL,Federalized/Commercial,33.563889,-86.752306,BHM,2010,29563,29907,581.0
ASO,BIRMINGHAM,AL,Federalized/Commercial,33.563889,-86.752306,BHM,2011,27376,27705,509.0
ASO,BIRMINGHAM,AL,Federalized/Commercial,33.563889,-86.752306,BHM,2012,26436,26597,290.0
ASO,BIRMINGHAM,AL,Federalized/Commercial,33.563889,-86.752306,BHM,2013,24460,24402,389.0
ASO,BIRMINGHAM,AL,Federalized/Commercial,33.563889,-86.752306,BHM,2014,23725,23682,647.0
ASO,NASHVILLE,TN,Federalized/Commercial,36.124472,-86.678194,BNA,2004,84167,84551,1475.0
ASO,NASHVILLE,TN,Federalized/Commercial,36.124472,-86.678194,BNA,2005,83922,84108,1348.0
ASO,NASHVILLE,TN,Federalized/Commercial,36.124472,-86.678194,BNA,2006,80868,80903,1451.0
ASO,NASHVILLE,TN,Federalized/Commercial,36.124472,-86.678194,BNA,2007,81020,81183,1904.0
ASO,NASHVILLE,TN,Federalized/Commercial,36.124472,-86.678194,BNA,2008,75174,75172,1534.0
ASO,NASHVILLE,TN,Federalized/Commercial,36.124472,-86.678194,BNA,2009,69219,69209,1069.0
ASO,NASHVILLE,TN,Federalized/Commercial,36.124472,-86.678194,BNA,2010,69024,69292,1716.0
ASO,NASHVILLE,TN,Federalized/Commercial,36.124472,-86.678194,BNA,2011,69429,69281,1567.0
ASO,NASHVILLE,TN,Federalized/Commercial,36.124472,-86.678194,BNA,2012,69369,69234,1106.0
ASO,NASHVILLE,TN,Federalized/Commercial,36.124472,-86.678194,BNA,2013,71623,71103,1645.0
ASO,NASHVILLE,TN,Federalized/Commercial,36.124472,-86.678194,BNA,2014,70497,70414,2488.0
ANE,BOSTON,MA,Public Use,42.362972,-71.006417,BOS,2004,188413,184869,6675.0
ANE,BOSTON,MA,Public Use,42.362972,-71.006417,BOS,2005,190420,185755,8354.0
ANE,BOSTON,MA,Public Use,42.362972,-71.006417,BOS,2006,187003,182418,6661.0
ANE,BOSTON,MA,Public Use,42.362972,-71.006417,BOS,2007,183078,179565,8636.0
ANE,BOSTON,MA,Public Use,42.362972,-71.006417,BOS,2008,170491,166566,7256.0
ANE,BOSTON,MA,Public Use,42.362972,-71.006417,BOS,2009,162271,160775,5729.0
ANE,BOSTON,MA,Public Use,42.362972,-71.006417,BOS,2010,164933,162520,6106.0
ANE,BOSTON,MA,Public Use,42.362972,-71.006417,BOS,2011,168358,164961,7254.0
ANE,BOSTON,MA,Public Use,42.362972,-71.006417,BOS,2012,161639,158227,3021.0
ANE,BOSTON,MA,Public Use,42.362972,-71.006417,BOS,2013,167549,164108,3273.0
ANE,BOSTON,MA,Public Use,42.362972,-71.006417,BOS,2014,170013,165166,4646.0
AEA,BUFFALO,NY,Federalized/Commercial,42.940417,-78.730583,BUF,2004,12215,12188,949.0
AEA,BUFFALO,NY,Federalized/Commercial,42.940417,-78.730583,BUF,2005,46558,46582,872.0
AEA,BUFFALO,NY,Federalized/Commercial,42.940417,-78.730583,BUF,2006,45322,45345,1048.0
AEA,BUFFALO,NY,Federalized/Commercial,42.940417,-78.730583,BUF,2007,44568,44509,1311.0
AEA,BUFFALO,NY,Federalized/Commercial,42.940417,-78.730583,BUF,2008,43245,42984,1150.0
AEA,BUFFALO,NY,Federalized/Commercial,42.940417,-78.730583,BUF,2009,40467,40256,645.0
AEA,BUFFALO,NY,Federalized/Commercial,42.940417,-78.730583,BUF,2010,39546,39398,904.0
AEA,BUFFALO,NY,Federalized/Commercial,42.940417,-78.730583,BUF,2011,39067,38890,749.0
AEA,BUFFALO,NY,Federalized/Commercial,42.940417,-78.730583,BUF,2012,38909,38714,628.0
AEA,BUFFALO,NY,Federalized/Commercial,42.940417,-78.730583,BUF,2013,38706,38393,778.0
AEA,BUFFALO,NY,Federalized/Commercial,42.940417,-78.730583,BUF,2014,34314,34112,1174.0
AWP,BURBANK,CA,Federalized/Commercial,34.200667,-118.358667,BUR,2004,38148,37293,523.0
AWP,BURBANK,CA,Federalized/Commercial,34.200667,-118.358667,BUR,2005,40769,40424,520.0
AWP,BURBANK,CA,Federalized/Commercial,34.200667,-118.358667,BUR,2006,42697,42915,827.0
AWP,BURBANK,CA,Federalized/Commercial,34.200667,-118.358667,BUR,2007,43833,43406,994.0
AWP,BURBANK,CA,Federalized/Commercial,34.200667,-118.358667,BUR,2008,40341,40135,1042.0
AWP,BURBANK,CA,Federalized/Commercial,34.200667,-118.358667,BUR,2009,34863,34744,802.0
AWP,BURBANK,CA,Federalized/Commercial,34.200667,-118.358667,BUR,2010,34610,34039,909.0
AWP,BURBANK,CA,Federalized/Commercial,34.200667,-118.358667,BUR,2011,32875,32495,919.0
AWP,BURBANK,CA,Federalized/Commercial,34.200667,-118.358667,BUR,2012,32152,31902,944.0
AWP,BURBANK,CA,Federalized/Commercial,34.200667,-118.358667,BUR,2013,31469,31215,785.0
AWP,BURBANK,CA,Federalized/Commercial,34.200667,-118.358667,BUR,2014,30148,29885,830.0
AEA,BALTIMORE,MD,Federalized/Commercial,39.175361,-76.668333,BWI,2004,131690,131476,2279.0
AEA,BALTIMORE,MD,Federalized/Commercial,39.175361,-76.668333,BWI,2005,132011,131803,2720.0
AEA,BALTIMORE,MD,Federalized/Commercial,39.175361,-76.668333,BWI,2006,131521,131308,2184.0
AEA,BALTIMORE,MD,Federalized/Commercial,39.175361,-76.668333,BWI,2007,130735,130812,3373.0
AEA,BALTIMORE,MD,Federalized/Commercial,39.175361,-76.668333,BWI,2008,123340,123587,1966.0
AEA,BALTIMORE,MD,Federalized/Commercial,39.175361,-76.668333,BWI,2009,121056,120992,2012.0
AEA,BALTIMORE,MD,Federalized/Commercial,39.175361,-76.668333,BWI,2010,124683,124272,4462.0
AEA,BALTIMORE,MD,Federalized/Commercial,39.175361,-76.668333,BWI,2011,127281,126806,2985.0
AEA,BALTIMORE,MD,Federalized/Commercial,39.175361,-76.668333,BWI,2012,124035,123690,2911.0
AEA,BALTIMORE,MD,Federalized/Commercial,39.175361,-76.668333,BWI,2013,118012,117135,1832.0
AEA,BALTIMORE,MD,Federalized/Commercial,39.175361,-76.668333,BWI,2014,110589,110243,3137.0
AGL,CLEVELAND,OH,Federalized/Commercial,41.409417,-81.854694,CLE,2004,122511,121774,2936.0
AGL,CLEVELAND,OH,Federalized/Commercial,41.409417,-81.854694,CLE,2005,122375,121467,2423.0
AGL,CLEVELAND,OH,Federalized/Commercial,41.409417,-81.854694,CLE,2006,117753,116801,2230.0
AGL,CLEVELAND,OH,Federalized/Commercial,41.409417,-81.854694,CLE,2007,114795,114523,2849.0
AGL,CLEVELAND,OH,Federalized/Commercial,41.409417,-81.854694,CLE,2008,111315,111455,2665.0
AGL,CLEVELAND,OH,Federalized/Commercial,41.409417,-81.854694,CLE,2009,95317,95461,1206.0
AGL,CLEVELAND,OH,Federalized/Commercial,41.409417,-81.854694,CLE,2010,91769,91615,1610.0
AGL,CLEVELAND,OH,Federalized/Commercial,41.409417,-81.854694,CLE,2011,89033,89039,2032.0
AGL,CLEVELAND,OH,Federalized/Commercial,41.409417,-81.854694,CLE,2012,85359,85279,1320.0
AGL,CLEVELAND,OH,Federalized/Commercial,41.409417,-81.854694,CLE,2013,85240,84805,1521.0
AGL,CLEVELAND,OH,Federalized/Commercial,41.409417,-81.854694,CLE,2014,60369,60247,2562.0
ASO,CHARLOTTE,NC,Federalized/Commercial,35.213741,-80.949069,CLT,2004,211833,210977,3112.0
ASO,CHARLOTTE,NC,Federalized/Commercial,35.213741,-80.949069,CLT,2005,241565,240918,3596.0
ASO,CHARLOTTE,NC,Federalized/Commercial,35.213741,-80.949069,CLT,2006,234974,234521,3311.0
ASO,CHARLOTTE,NC,Federalized/Commercial,35.213741,-80.949069,CLT,2007,241960,241616,4576.0
ASO,CHARLOTTE,NC,Federalized/Commercial,35.213741,-80.949069,CLT,2008,248162,248224,4213.0
ASO,CHARLOTTE,NC,Federalized/Commercial,35.213741,-80.949069,CLT,2009,238676,238622,2480.0
ASO,CHARLOTTE,NC,Federalized/Commercial,35.213741,-80.949069,CLT,2010,248474,248301,3406.0
ASO,CHARLOTTE,NC,Federalized/Commercial,35.213741,-80.949069,CLT,2011,254209,253986,4735.0
ASO,CHARLOTTE,NC,Federalized/Commercial,35.213741,-80.949069,CLT,2012,260789,260134,2439.0
ASO,CHARLOTTE,NC,Federalized/Commercial,35.213741,-80.949069,CLT,2013,263287,262066,3669.0
ASO,CHARLOTTE,NC,Federalized/Commercial,35.213741,-80.949069,CLT,2014,257713,257585,4070.0
ASO,COVINGTON,KY,Public Use,39.048837,-84.667822,CVG,2004,252037,251102,12792.0
ASO,COVINGTON,KY,Public Use,39.048837,-84.667822,CVG,2005,242191,241472,10409.0
ASO,COVINGTON,KY,Public Use,39.048837,-84.667822,CVG,2006,168752,168780,4175.0
ASO,COVINGTON,KY,Public Use,39.048837,-84.667822,CVG,2007,159430,159414,5323.0
ASO,COVINGTON,KY,Public Use,39.048837,-84.667822,CVG,2008,138516,138424,3997.0
ASO,COVINGTON,KY,Public Use,39.048837,-84.667822,CVG,2009,107128,107179,2305.0
ASO,COVINGTON,KY,Public Use,39.048837,-84.667822,CVG,2010,83433,83424,2054.0
ASO,COVINGTON,KY,Public Use,39.048837,-84.667822,CVG,2011,75511,75374,1290.0
ASO,COVINGTON,KY,Public Use,39.048837,-84.667822,CVG,2012,66723,66503,951.0
ASO,COVINGTON,KY,Public Use,39.048837,-84.667822,CVG,2013,63176,63114,1886.0
ASO,COVINGTON,KY,Public Use,39.048837,-84.667822,CVG,2014,61186,61428,1262.0
ASW,DALLAS,TX,Federalized/Commercial,32.847111,-96.851778,DAL,2004,58591,57844,2458.0
ASW,DALLAS,TX,Federalized/Commercial,32.847111,-96.851778,DAL,2005,53226,53340,1981.0
ASW,DALLAS,TX,Federalized/Commercial,32.847111,-96.851778,DAL,2006,60231,60432,1991.0
ASW,DALLAS,TX,Federalized/Commercial,32.847111,-96.851778,DAL,2007,65714,65822,2158.0
ASW,DALLAS,TX,Federalized/Commercial,32.847111,-96.851778,DAL,2008,63362,63315,2039.0
ASW,DALLAS,TX,Federalized/Commercial,32.847111,-96.851778,DAL,2009,55238,55165,1400.0
ASW,DALLAS,TX,Federalized/Commercial,32.847111,-96.851778,DAL,2010,53342,53200,1519.0
ASW,DALLAS,TX,Federalized/Commercial,32.847111,-96.851778,DAL,2011,54947,54757,1817.0
ASW,DALLAS,TX,Federalized/Commercial,32.847111,-96.851778,DAL,2012,55964,55754,1183.0
ASW,DALLAS,TX,Federalized/Commercial,32.847111,-96.851778,DAL,2013,57314,56767,1019.0
ASW,DALLAS,TX,Federalized/Commercial,32.847111,-96.851778,DAL,2014,59618,59515,1387.0
AGL,DAYTON,OH,Federalized/Commercial,39.902251,-84.21941,DAY,2004,41845,41844,803.0
AGL,DAYTON,OH,Federalized/Commercial,39.902251,-84.21941,DAY,2005,39119,38814,732.0
AGL,DAYTON,OH,Federalized/Commercial,39.902251,-84.21941,DAY,2006,31367,31203,485.0
AGL,DAYTON,OH,Federalized/Commercial,39.902251,-84.21941,DAY,2007,29440,29659,849.0
AGL,DAYTON,OH,Federalized/Commercial,39.902251,-84.21941,DAY,2008,28610,28723,707.0
AGL,DAYTON,OH,Federalized/Commercial,39.902251,-84.21941,DAY,2009,25257,25284,446.0
AGL,DAYTON,OH,Federalized/Commercial,39.902251,-84.21941,DAY,2010,24635,24681,548.0
AGL,DAYTON,OH,Federalized/Commercial,39.902251,-84.21941,DAY,2011,23861,23868,745.0
AGL,DAYTON,OH,Federalized/Commercial,39.902251,-84.21941,DAY,2012,23185,23150,502.0
AGL,DAYTON,OH,Federalized/Commercial,39.902251,-84.21941,DAY,2013,22095,22366,638.0
AGL,DAYTON,OH,Federalized/Commercial,39.902251,-84.21941,DAY,2014,20533,20524,832.0
AEA,WASHINGTON,DC,Public Use,38.851916,-77.037699,DCA,2004,134223,134342,4508.0
AEA,WASHINGTON,DC,Public Use,38.851916,-77.037699,DCA,2005,138576,138447,5598.0
AEA,WASHINGTON,DC,Public Use,38.851916,-77.037699,DCA,2006,137261,137325,4906.0
AEA,WASHINGTON,DC,Public Use,38.851916,-77.037699,DCA,2007,135433,135603,6401.0
AEA,WASHINGTON,DC,Public Use,38.851916,-77.037699,DCA,2008,135908,136051,5358.0
AEA,WASHINGTON,DC,Public Use,38.851916,-77.037699,DCA,2009,133298,133540,3758.0
AEA,WASHINGTON,DC,Public Use,38.851916,-77.037699,DCA,2010,133228,133440,6385.0
AEA,WASHINGTON,DC,Public Use,38.851916,-77.037699,DCA,2011,138494,138864,4863.0
AEA,WASHINGTON,DC,Public Use,38.851916,-77.037699,DCA,2012,140272,140686,3456.0
AEA,WASHINGTON,DC,Public Use,38.851916,-77.037699,DCA,2013,142830,142923,3332.0
AEA,WASHINGTON,DC,Public Use,38.851916,-77.037699,DCA,2014,139074,139259,4436.0
ANM,DENVER,CO,Federalized/Commercial,39.861667,-104.673167,DEN,2004,278131,273449,2882.0
ANM,DENVER,CO,Federalized/Commercial,39.861667,-104.673167,DEN,2005,279946,275578,4127.0
ANM,DENVER,CO,Federalized/Commercial,39.861667,-104.673167,DEN,2006,297895,294284,9034.0
ANM,DENVER,CO,Federalized/Commercial,39.861667,-104.673167,DEN,2007,306308,305681,7939.0
ANM,DENVER,CO,Federalized/Commercial,39.861667,-104.673167,DEN,2008,309021,308882,5709.0
ANM,DENVER,CO,Federalized/Commercial,39.861667,-104.673167,DEN,2009,302078,301936,5757.0
ANM,DENVER,CO,Federalized/Commercial,39.861667,-104.673167,DEN,2010,313514,313279,5187.0
ANM,DENVER,CO,Federalized/Commercial,39.861667,-104.673167,DEN,2011,313976,313459,6025.0
ANM,DENVER,CO,Federalized/Commercial,39.861667,-104.673167,DEN,2012,304100,304910,4228.0
ANM,DENVER,CO,Federalized/Commercial,39.861667,-104.673167,DEN,2013,287348,288563,5592.0
ANM,DENVER,CO,Federalized/Commercial,39.861667,-104.673167,DEN,2014,281772,282305,6615.0
ASW,DALLAS-FORT WORTH,TX,Federalized/Commercial,32.896828,-97.037996,DFW,2004,396314,394112,11682.0
ASW,DALLAS-FORT WORTH,TX,Federalized/Commercial,32.896828,-97.037996,DFW,2005,350842,349641,8681.0
ASW,DALLAS-FORT WORTH,TX,Federalized/Commercial,32.896828,-97.037996,DFW,2006,343597,342755,11341.0
ASW,DALLAS-FORT WORTH,TX,Federalized/Commercial,32.896828,-97.037996,DFW,2007,337258,336365,19139.0
ASW,DALLAS-FORT WORTH,TX,Federalized/Commercial,32.896828,-97.037996,DFW,2008,322443,321755,14988.0
ASW,DALLAS-FORT WORTH,TX,Federalized/Commercial,32.896828,-97.037996,DFW,2009,314983,314726,10536.0
ASW,DALLAS-FORT WORTH,TX,Federalized/Commercial,32.896828,-97.037996,DFW,2010,321172,320558,9306.0
ASW,DALLAS-FORT WORTH,TX,Federalized/Commercial,32.896828,-97.037996,DFW,2011,318711,317906,12517.0
ASW,DALLAS-FORT WORTH,TX,Federalized/Commercial,32.896828,-97.037996,DFW,2012,319889,319208,10271.0
ASW,DALLAS-FORT WORTH,TX,Federalized/Commercial,32.896828,-97.037996,DFW,2013,333290,331439,14617.0
ASW,DALLAS-FORT WORTH,TX,Federalized/Commercial,32.896828,-97.037996,DFW,2014,334660,334397,14154.0
AGL,DETROIT,MI,Federalized/Commercial,42.212444,-83.353389,DTW,2004,252361,250939,4486.0
AGL,DETROIT,MI,Federalized/Commercial,42.212444,-83.353389,DTW,2005,253845,252143,5141.0
AGL,DETROIT,MI,Federalized/Commercial,42.212444,-83.353389,DTW,2006,232361,231634,4001.0
AGL,DETROIT,MI,Federalized/Commercial,42.212444,-83.353389,DTW,2007,228892,226666,8587.0
AGL,DETROIT,MI,Federalized/Commercial,42.212444,-83.353389,DTW,2008,226840,225224,5578.0
AGL,DETROIT,MI,Federalized/Commercial,42.212444,-83.353389,DTW,2009,211239,210518,3466.0
AGL,DETROIT,MI,Federalized/Commercial,42.212444,-83.353389,DTW,2010,221903,220623,6818.0
AGL,DETROIT,MI,Federalized/Commercial,42.212444,-83.353389,DTW,2011,216449,216041,3128.0
AGL,DETROIT,MI,Federalized/Commercial,42.212444,-83.353389,DTW,2012,208723,208264,1730.0
AGL,DETROIT,MI,Federalized/Commercial,42.212444,-83.353389,DTW,2013,207053,206364,4859.0
AGL,DETROIT,MI,Federalized/Commercial,42.212444,-83.353389,DTW,2014,192007,192080,3734.0
AEA,NEWARK,NJ,Federalized/Commercial,40.6925,-74.168667,EWR,2004,212226,209575,7864.0
AEA,NEWARK,NJ,Federalized/Commercial,40.6925,-74.168667,EWR,2005,211790,209551,9318.0
AEA,NEWARK,NJ,Federalized/Commercial,40.6925,-74.168667,EWR,2006,214805,213118,9207.0
AEA,NEWARK,NJ,Federalized/Commercial,40.6925,-74.168667,EWR,2007,209019,207435,11918.0
AEA,NEWARK,NJ,Federalized/Commercial,40.6925,-74.168667,EWR,2008,207145,206270,9119.0
AEA,NEWARK,NJ,Federalized/Commercial,40.6925,-74.168667,EWR,2009,196298,195150,5982.0
AEA,NEWARK,NJ,Federalized/Commercial,40.6925,-74.168667,EWR,2010,192614,191370,7456.0
AEA,NEWARK,NJ,Federalized/Commercial,40.6925,-74.168667,EWR,2011,192879,191645,9027.0
AEA,NEWARK,NJ,Federalized/Commercial,40.6925,-74.168667,EWR,2012,196105,195110,7736.0
AEA,NEWARK,NJ,Federalized/Commercial,40.6925,-74.168667,EWR,2013,196365,194358,6929.0
AEA,NEWARK,NJ,Federalized/Commercial,40.6925,-74.168667,EWR,2014,189545,188206,10011.0
ASO,FORT LAUDERDALE,FL,Federalized/Commercial,26.072596,-80.152741,FLL,2004,106389,106749,1950.0
ASO,FORT LAUDERDALE,FL,Federalized/Commercial,26.072596,-80.152741,FLL,2005,121481,120277,2669.0
ASO,FORT LAUDERDALE,FL,Federalized/Commercial,26.072596,-80.152741,FLL,2006,111601,110317,1027.0
ASO,FORT LAUDERDALE,FL,Federalized/Commercial,26.072596,-80.152741,FLL,2007,117119,116401,1383.0
ASO,FORT LAUDERDALE,FL,Federalized/Commercial,26.072596,-80.152741,FLL,2008,113379,112391,1042.0
ASO,FORT LAUDERDALE,FL,Federalized/Commercial,26.072596,-80.152741,FLL,2009,102633,101149,757.0
ASO,FORT LAUDERDALE,FL,Federalized/Commercial,26.072596,-80.152741,FLL,2010,104078,102652,1483.0
ASO,FORT LAUDERDALE,FL,Federalized/Commercial,26.072596,-80.152741,FLL,2011,104576,103097,1512.0
ASO,FORT LAUDERDALE,FL,Federalized/Commercial,26.072596,-80.152741,FLL,2012,106550,106006,1037.0
ASO,FORT LAUDERDALE,FL,Federalized/Commercial,26.072596,-80.152741,FLL,2013,104830,104066,811.0
ASO,FORT LAUDERDALE,FL,Federalized/Commercial,26.072596,-80.152741,FLL,2014,106272,105742,1769.0
AGL,GARY,IN,Federalized/Commercial,41.616278,-87.412778,GYY,2004,261,259,185.0
AGL,GARY,IN,Federalized/Commercial,41.616278,-87.412778,GYY,2005,796,802,173.0
AGL,GARY,IN,Federalized/Commercial,41.616278,-87.412778,GYY,2006,435,433,1176.0
AGL,GARY,IN,Federalized/Commercial,41.616278,-87.412778,GYY,2007,703,691,823.0
AGL,GARY,IN,Federalized/Commercial,41.616278,-87.412778,GYY,2008,425,446,947.0
AGL,GARY,IN,Federalized/Commercial,41.616278,-87.412778,GYY,2009,367,356,510.0
AGL,GARY,IN,Federalized/Commercial,41.616278,-87.412778,GYY,2010,432,444,439.0
AGL,GARY,IN,Federalized/Commercial,41.616278,-87.412778,GYY,2011,499,530,730.0
AGL,GARY,IN,Federalized/Commercial,41.616278,-87.412778,GYY,2012,716,738,527.0
AGL,GARY,IN,Federalized/Commercial,41.616278,-87.412778,GYY,2013,519,540,905.0
AGL,GARY,IN,Federalized/Commercial,41.616278,-87.412778,GYY,2014,729,752,345.0
AWP,HONOLULU,HI,Federalized/Commercial,21.318681,-157.922429,HNL,2004,92661,91206,2424.0
AWP,HONOLULU,HI,Federalized/Commercial,21.318681,-157.922429,HNL,2005,97359,95239,2513.0
AWP,HONOLULU,HI,Federalized/Commercial,21.318681,-157.922429,HNL,2006,101458,100974,2052.0
AWP,HONOLULU,HI,Federalized/Commercial,21.318681,-157.922429,HNL,2007,102986,111266,1891.0
AWP,HONOLULU,HI,Federalized/Commercial,21.318681,-157.922429,HNL,2008,91217,100500,3138.0
AWP,HONOLULU,HI,Federalized/Commercial,21.318681,-157.922429,HNL,2009,90128,91124,1652.0
AWP,HONOLULU,HI,Federalized/Commercial,21.318681,-157.922429,HNL,2010,83392,83811,1706.0
AWP,HONOLULU,HI,Federalized/Commercial,21.318681,-157.922429,HNL,2011,83128,83426,1755.0
AWP,HONOLULU,HI,Federalized/Commercial,21.318681,-157.922429,HNL,2012,88261,88228,1203.0
AWP,HONOLULU,HI,Federalized/Commercial,21.318681,-157.922429,HNL,2013,87945,87896,1093.0
AWP,HONOLULU,HI,Federalized/Commercial,21.318681,-157.922429,HNL,2014,90752,88621,1935.0
ASW,HOUSTON,TX,Federalized/Commercial,29.645419,-95.278889,HOU,2004,65315,65458,664.0
ASW,HOUSTON,TX,Federalized/Commercial,29.645419,-95.278889,HOU,2005,62927,62981,601.0
ASW,HOUSTON,TX,Federalized/Commercial,29.645419,-95.278889,HOU,2006,63002,62901,548.0
ASW,HOUSTON,TX,Federalized/Commercial,29.645419,-95.278889,HOU,2007,64971,64877,1122.0
ASW,HOUSTON,TX,Federalized/Commercial,29.645419,-95.278889,HOU,2008,62474,62377,641.0
ASW,HOUSTON,TX,Federalized/Commercial,29.645419,-95.278889,HOU,2009,59009,59006,370.0
ASW,HOUSTON,TX,Federalized/Commercial,29.645419,-95.278889,HOU,2010,58084,58176,574.0
ASW,HOUSTON,TX,Federalized/Commercial,29.645419,-95.278889,HOU,2011,60853,60660,621.0
ASW,HOUSTON,TX,Federalized/Commercial,29.645419,-95.278889,HOU,2012,63731,63771,316.0
ASW,HOUSTON,TX,Federalized/Commercial,29.645419,-95.278889,HOU,2013,67223,67673,458.0
ASW,HOUSTON,TX,Federalized/Commercial,29.645419,-95.278889,HOU,2014,68319,68348,860.0
AEA,WHITE PLAINS,NY,Federalized/Commercial,41.066944,-73.707556,HPN,2004,34104,33880,6053.0
AEA,WHITE PLAINS,NY,Federalized/Commercial,41.066944,-73.707556,HPN,2005,33059,32858,5056.0
AEA,WHITE PLAINS,NY,Federalized/Commercial,41.066944,-73.707556,HPN,2006,31937,32086,4654.0
AEA,WHITE PLAINS,NY,Federalized/Commercial,41.066944,-73.707556,HPN,2007,35911,36118,6036.0
AEA,WHITE PLAINS,NY,Federalized/Commercial,41.066944,-73.707556,HPN,2008,31907,32126,4287.0
AEA,WHITE PLAINS,NY,Federalized/Commercial,41.066944,-73.707556,HPN,2009,27647,27642,2632.0
AEA,WHITE PLAINS,NY,Federalized/Commercial,41.066944,-73.707556,HPN,2010,30180,30438,4096.0
AEA,WHITE PLAINS,NY,Federalized/Commercial,41.066944,-73.707556,HPN,2011,30813,31566,3646.0
AEA,WHITE PLAINS,NY,Federalized/Commercial,41.066944,-73.707556,HPN,2012,31387,32243,3438.0
AEA,WHITE PLAINS,NY,Federalized/Commercial,41.066944,-73.707556,HPN,2013,30725,31431,3470.0
AEA,WHITE PLAINS,NY,Federalized/Commercial,41.066944,-73.707556,HPN,2014,30230,30777,4067.0
AEA,WASHINGTON,DC,Federalized/Commercial,38.947444,-77.459944,IAD,2004,212945,215986,3835.0
AEA,WASHINGTON,DC,Federalized/Commercial,38.947444,-77.459944,IAD,2005,233140,236001,6971.0
AEA,WASHINGTON,DC,Federalized/Commercial,38.947444,-77.459944,IAD,2006,169691,172953,4874.0
AEA,WASHINGTON,DC,Federalized/Commercial,38.947444,-77.459944,IAD,2007,171679,173013,4199.0
AEA,WASHINGTON,DC,Federalized/Commercial,38.947444,-77.459944,IAD,2008,164378,164798,6627.0
AEA,WASHINGTON,DC,Federalized/Commercial,38.947444,-77.459944,IAD,2009,156324,155395,2582.0
AEA,WASHINGTON,DC,Federalized/Commercial,38.947444,-77.459944,IAD,2010,155124,154841,2859.0
AEA,WASHINGTON,DC,Federalized/Commercial,38.947444,-77.459944,IAD,2011,152047,151481,4469.0
AEA,WASHINGTON,DC,Federalized/Commercial,38.947444,-77.459944,IAD,2012,143837,143568,4066.0
AEA,WASHINGTON,DC,Federalized/Commercial,38.947444,-77.459944,IAD,2013,141951,141085,4174.0
AEA,WASHINGTON,DC,Federalized/Commercial,38.947444,-77.459944,IAD,2014,134578,133877,8041.0
ASW,HOUSTON,TX,Federalized/Commercial,29.984444,-95.341444,IAH,2004,247146,246368,989.0
ASW,HOUSTON,TX,Federalized/Commercial,29.984444,-95.341444,IAH,2005,271941,269537,1180.0
ASW,HOUSTON,TX,Federalized/Commercial,29.984444,-95.341444,IAH,2006,291421,289276,746.0
ASW,HOUSTON,TX,Federalized/Commercial,29.984444,-95.341444,IAH,2007,291242,290346,1936.0
ASW,HOUSTON,TX,Federalized/Commercial,29.984444,-95.341444,IAH,2008,278764,278546,1457.0
ASW,HOUSTON,TX,Federalized/Commercial,29.984444,-95.341444,IAH,2009,261290,261184,1010.0
ASW,HOUSTON,TX,Federalized/Commercial,29.984444,-95.341444,IAH,2010,257236,256761,1182.0
ASW,HOUSTON,TX,Federalized/Commercial,29.984444,-95.341444,IAH,2011,254998,254038,1122.0
ASW,HOUSTON,TX,Federalized/Commercial,29.984444,-95.341444,IAH,2012,247043,246118,547.0
ASW,HOUSTON,TX,Federalized/Commercial,29.984444,-95.341444,IAH,2013,241954,242330,810.0
ASW,HOUSTON,TX,Federalized/Commercial,29.984444,-95.341444,IAH,2014,245284,245369,1466.0
AGL,INDIANAPOLIS,IN,Federalized/Commercial,39.717299,-86.294661,IND,2004,86320,86866,451.0
AGL,INDIANAPOLIS,IN,Federalized/Commercial,39.717299,-86.294661,IND,2005,92901,93187,423.0
AGL,INDIANAPOLIS,IN,Federalized/Commercial,39.717299,-86.294661,IND,2006,87866,87860,354.0
AGL,INDIANAPOLIS,IN,Federalized/Commercial,39.717299,-86.294661,IND,2007,85550,85626,341.0
AGL,INDIANAPOLIS,IN,Federalized/Commercial,39.717299,-86.294661,IND,2008,84243,84597,146.0
AGL,INDIANAPOLIS,IN,Federalized/Commercial,39.717299,-86.294661,IND,2009,74138,74235,159.0
AGL,INDIANAPOLIS,IN,Federalized/Commercial,39.717299,-86.294661,IND,2010,71636,71856,350.0
AGL,INDIANAPOLIS,IN,Federalized/Commercial,39.717299,-86.294661,IND,2011,68885,68918,285.0
AGL,INDIANAPOLIS,IN,Federalized/Commercial,39.717299,-86.294661,IND,2012,68311,68266,141.0
AGL,INDIANAPOLIS,IN,Federalized/Commercial,39.717299,-86.294661,IND,2013,67136,66993,137.0
AGL,INDIANAPOLIS,IN,Federalized/Commercial,39.717299,-86.294661,IND,2014,66542,66383,207.0
AEA,NEW YORK,NY,Federalized/Commercial,40.79525,-73.100222,ISP,2004,4045,4061,1203.0
AEA,NEW YORK,NY,Federalized/Commercial,40.79525,-73.100222,ISP,2005,17364,17291,659.0
AEA,NEW YORK,NY,Federalized/Commercial,40.79525,-73.100222,ISP,2006,15706,15641,598.0
AEA,NEW YORK,NY,Federalized/Commercial,40.79525,-73.100222,ISP,2007,15214,15170,860.0
AEA,NEW YORK,NY,Federalized/Commercial,40.79525,-73.100222,ISP,2008,13736,12677,929.0
AEA,NEW YORK,NY,Federalized/Commercial,40.79525,-73.100222,ISP,2009,10590,10593,494.0
AEA,NEW YORK,NY,Federalized/Commercial,40.79525,-73.100222,ISP,2010,9856,9770,828.0
AEA,NEW YORK,NY,Federalized/Commercial,40.79525,-73.100222,ISP,2011,9556,9546,700.0
AEA,NEW YORK,NY,Federalized/Commercial,40.79525,-73.100222,ISP,2012,8716,8710,428.0
AEA,NEW YORK,NY,Federalized/Commercial,40.79525,-73.100222,ISP,2013,8344,8291,516.0
AEA,NEW YORK,NY,Federalized/Commercial,40.79525,-73.100222,ISP,2014,7816,7776,885.0
ASO,JACKSONVILLE,FL,Federalized/Commercial,30.494056,-81.687861,JAX,2004,11321,11447,2534.0
ASO,JACKSONVILLE,FL,Federalized/Commercial,30.494056,-81.687861,JAX,2005,46410,46695,3664.0
ASO,JACKSONVILLE,FL,Federalized/Commercial,30.494056,-81.687861,JAX,2006,45885,46065,3699.0
ASO,JACKSONVILLE,FL,Federalized/Commercial,30.494056,-81.687861,JAX,2007,48344,48598,8191.0
ASO,JACKSONVILLE,FL,Federalized/Commercial,30.494056,-81.687861,JAX,2008,43779,44043,6396.0
ASO,JACKSONVILLE,FL,Federalized/Commercial,30.494056,-81.687861,JAX,2009,38246,38209,5346.0
ASO,JACKSONVILLE,FL,Federalized/Commercial,30.494056,-81.687861,JAX,2010,37272,37361,7646.0
ASO,JACKSONVILLE,FL,Federalized/Commercial,30.494056,-81.687861,JAX,2011,38130,38079,5175.0
ASO,JACKSONVILLE,FL,Federalized/Commercial,30.494056,-81.687861,JAX,2012,34150,34070,3204.0
ASO,JACKSONVILLE,FL,Federalized/Commercial,30.494056,-81.687861,JAX,2013,34562,34417,3969.0
ASO,JACKSONVILLE,FL,Federalized/Commercial,30.494056,-81.687861,JAX,2014,35084,35010,4699.0
AEA,NEW YORK,NY,Federalized/Commercial,40.639751,-73.778926,JFK,2004,151115,148127,2831.0
AEA,NEW YORK,NY,Federalized/Commercial,40.639751,-73.778926,JFK,2005,164971,162914,2671.0
AEA,NEW YORK,NY,Federalized/Commercial,40.639751,-73.778926,JFK,2006,180139,178673,3069.0
AEA,NEW YORK,NY,Federalized/Commercial,40.639751,-73.778926,JFK,2007,210060,209898,3519.0
AEA,NEW YORK,NY,Federalized/Commercial,40.639751,-73.778926,JFK,2008,208347,207144,3862.0
AEA,NEW YORK,NY,Federalized/Commercial,40.639751,-73.778926,JFK,2009,201184,199397,1915.0
AEA,NEW YORK,NY,Federalized/Commercial,40.639751,-73.778926,JFK,2010,192101,190038,1980.0
AEA,NEW YORK,NY,Federalized/Commercial,40.639751,-73.778926,JFK,2011,197805,196354,2231.0
AEA,NEW YORK,NY,Federalized/Commercial,40.639751,-73.778926,JFK,2012,194788,193893,1735.0
AEA,NEW YORK,NY,Federalized/Commercial,40.639751,-73.778926,JFK,2013,196105,193781,1503.0
AEA,NEW YORK,NY,Federalized/Commercial,40.639751,-73.778926,JFK,2014,206239,205660,2150.0
AWP,LAS VEGAS,NV,Federalized/Commercial,36.080056,-115.15225,LAS,2004,196424,196144,5235.0
AWP,LAS VEGAS,NV,Federalized/Commercial,36.080056,-115.15225,LAS,2005,212089,212329,4971.0
AWP,LAS VEGAS,NV,Federalized/Commercial,36.080056,-115.15225,LAS,2006,216984,217891,6276.0
AWP,LAS VEGAS,NV,Federalized/Commercial,36.080056,-115.15225,LAS,2007,223643,225495,6676.0
AWP,LAS VEGAS,NV,Federalized/Commercial,36.080056,-115.15225,LAS,2008,207552,208196,5915.0
AWP,LAS VEGAS,NV,Federalized/Commercial,36.080056,-115.15225,LAS,2009,183201,183116,3911.0
AWP,LAS VEGAS,NV,Federalized/Commercial,36.080056,-115.15225,LAS,2010,174475,174562,4498.0
AWP,LAS VEGAS,NV,Federalized/Commercial,36.080056,-115.15225,LAS,2011,181828,181770,5381.0
AWP,LAS VEGAS,NV,Federalized/Commercial,36.080056,-115.15225,LAS,2012,179153,180035,4808.0
AWP,LAS VEGAS,NV,Federalized/Commercial,36.080056,-115.15225,LAS,2013,177409,179793,4982.0
AWP,LAS VEGAS,NV,Federalized/Commercial,36.080056,-115.15225,LAS,2014,181578,181929,5219.0
AWP,LOS ANGELES,CA,Federalized/Commercial,33.942496,-118.408068,LAX,2004,307973,307061,8588.0
AWP,LOS ANGELES,CA,Federalized/Commercial,33.942496,-118.408068,LAX,2005,306439,306044,9939.0
AWP,LOS ANGELES,CA,Federalized/Commercial,33.942496,-118.408068,LAX,2006,306821,306201,9386.0
AWP,LOS ANGELES,CA,Federalized/Commercial,33.942496,-118.408068,LAX,2007,316257,316715,12719.0
AWP,LOS ANGELES,CA,Federalized/Commercial,33.942496,-118.408068,LAX,2008,293640,294144,11474.0
AWP,LOS ANGELES,CA,Federalized/Commercial,33.942496,-118.408068,LAX,2009,262782,262838,7950.0
AWP,LOS ANGELES,CA,Federalized/Commercial,33.942496,-118.408068,LAX,2010,269895,270550,8637.0
AWP,LOS ANGELES,CA,Federalized/Commercial,33.942496,-118.408068,LAX,2011,284127,284618,9294.0
AWP,LOS ANGELES,CA,Federalized/Commercial,33.942496,-118.408068,LAX,2012,284637,285252,6769.0
AWP,LOS ANGELES,CA,Federalized/Commercial,33.942496,-118.408068,LAX,2013,288214,288965,6630.0
AWP,LOS ANGELES,CA,Federalized/Commercial,33.942496,-118.408068,LAX,2014,303156,302628,9434.0
AEA,NEW YORK,NY,Federalized/Commercial,40.77725,-73.872611,LGA,2004,196421,196310,177.0
AEA,NEW YORK,NY,Federalized/Commercial,40.77725,-73.872611,LGA,2005,196606,196474,95.0
AEA,NEW YORK,NY,Federalized/Commercial,40.77725,-73.872611,LGA,2006,196274,196378,128.0
AEA,NEW YORK,NY,Federalized/Commercial,40.77725,-73.872611,LGA,2007,191343,191847,304.0
AEA,NEW YORK,NY,Federalized/Commercial,40.77725,-73.872611,LGA,2008,186037,186204,269.0
AEA,NEW YORK,NY,Federalized/Commercial,40.77725,-73.872611,LGA,2009,174192,174054,141.0
AEA,NEW YORK,NY,Federalized/Commercial,40.77725,-73.872611,LGA,2010,178701,178938,256.0
AEA,NEW YORK,NY,Federalized/Commercial,40.77725,-73.872611,LGA,2011,180288,180945,182.0
AEA,NEW YORK,NY,Federalized/Commercial,40.77725,-73.872611,LGA,2012,181426,182054,150.0
AEA,NEW YORK,NY,Federalized/Commercial,40.77725,-73.872611,LGA,2013,182284,181998,194.0
AEA,NEW YORK,NY,Federalized/Commercial,40.77725,-73.872611,LGA,2014,180282,180537,253.0
AWP,LONG BEACH,CA,Federalized/Commercial,33.817754,-118.151733,LGB,2004,3663,3749,1246.0
AWP,LONG BEACH,CA,Federalized/Commercial,33.817754,-118.151733,LGB,2005,15607,15858,1290.0
AWP,LONG BEACH,CA,Federalized/Commercial,33.817754,-118.151733,LGB,2006,15360,16113,1018.0
AWP,LONG BEACH,CA,Federalized/Commercial,33.817754,-118.151733,LGB,2007,16866,17042,2153.0
AWP,LONG BEACH,CA,Federalized/Commercial,33.817754,-118.151733,LGB,2008,17722,17958,1609.0
AWP,LONG BEACH,CA,Federalized/Commercial,33.817754,-118.151733,LGB,2009,16686,16753,991.0
AWP,LONG BEACH,CA,Federalized/Commercial,33.817754,-118.151733,LGB,2010,16764,16706,1259.0
AWP,LONG BEACH,CA,Federalized/Commercial,33.817754,-118.151733,LGB,2011,16578,16559,1573.0
AWP,LONG BEACH,CA,Federalized/Commercial,33.817754,-118.151733,LGB,2012,15954,15899,931.0
AWP,LONG BEACH,CA,Federalized/Commercial,33.817754,-118.151733,LGB,2013,14945,15163,1642.0
AWP,LONG BEACH,CA,Federalized/Commercial,33.817754,-118.151733,LGB,2014,14641,14736,1623.0
ACE,KANSAS CITY,MO,Federalized/Commercial,39.297605,-94.713906,MCI,2004,79314,79750,4430.0
ACE,KANSAS CITY,MO,Federalized/Commercial,39.297605,-94.713906,MCI,2005,78603,79179,1673.0
ACE,KANSAS CITY,MO,Federalized/Commercial,39.297605,-94.713906,MCI,2006,80635,81982,1505.0
ACE,KANSAS CITY,MO,Federalized/Commercial,39.297605,-94.713906,MCI,2007,92612,92916,2240.0
ACE,KANSAS CITY,MO,Federalized/Commercial,39.297605,-94.713906,MCI,2008,83948,84279,2103.0
ACE,KANSAS CITY,MO,Federalized/Commercial,39.297605,-94.713906,MCI,2009,71385,71498,1287.0
ACE,KANSAS CITY,MO,Federalized/Commercial,39.297605,-94.713906,MCI,2010,68953,69136,2292.0
ACE,KANSAS CITY,MO,Federalized/Commercial,39.297605,-94.713906,MCI,2011,68122,68087,2402.0
ACE,KANSAS CITY,MO,Federalized/Commercial,39.297605,-94.713906,MCI,2012,64377,64185,1497.0
ACE,KANSAS CITY,MO,Federalized/Commercial,39.297605,-94.713906,MCI,2013,62289,62112,1210.0
ACE,KANSAS CITY,MO,Federalized/Commercial,39.297605,-94.713906,MCI,2014,61417,61249,2500.0
ASO,ORLANDO,FL,Federalized/Commercial,28.429394,-81.308993,MCO,2004,150156,150352,2093.0
ASO,ORLANDO,FL,Federalized/Commercial,28.429394,-81.308993,MCO,2005,166165,166776,2176.0
ASO,ORLANDO,FL,Federalized/Commercial,28.429394,-81.308993,MCO,2006,164499,164935,2267.0
ASO,ORLANDO,FL,Federalized/Commercial,28.429394,-81.308993,MCO,2007,170984,171358,2655.0
ASO,ORLANDO,FL,Federalized/Commercial,28.429394,-81.308993,MCO,2008,159897,159942,2318.0
ASO,ORLANDO,FL,Federalized/Commercial,28.429394,-81.308993,MCO,2009,143712,142660,1152.0
ASO,ORLANDO,FL,Federalized/Commercial,28.429394,-81.308993,MCO,2010,146894,146304,2449.0
ASO,ORLANDO,FL,Federalized/Commercial,28.429394,-81.308993,MCO,2011,148493,148527,1958.0
ASO,ORLANDO,FL,Federalized/Commercial,28.429394,-81.308993,MCO,2012,144126,143983,1485.0
ASO,ORLANDO,FL,Federalized/Commercial,28.429394,-81.308993,MCO,2013,140125,139404,1425.0
ASO,ORLANDO,FL,Federalized/Commercial,28.429394,-81.308993,MCO,2014,139833,139627,4915.0
AGL,CHICAGO,IL,Federalized/Commercial,41.785972,-87.752417,MDW,2004,136546,135948,1449.0
AGL,CHICAGO,IL,Federalized/Commercial,41.785972,-87.752417,MDW,2005,112579,111764,1727.0
AGL,CHICAGO,IL,Federalized/Commercial,41.785972,-87.752417,MDW,2006,117357,116732,1741.0
AGL,CHICAGO,IL,Federalized/Commercial,41.785972,-87.752417,MDW,2007,120640,120302,3382.0
AGL,CHICAGO,IL,Federalized/Commercial,41.785972,-87.752417,MDW,2008,106786,106657,3248.0
AGL,CHICAGO,IL,Federalized/Commercial,41.785972,-87.752417,MDW,2009,98079,98051,2012.0
AGL,CHICAGO,IL,Federalized/Commercial,41.785972,-87.752417,MDW,2010,96524,96752,3459.0
AGL,CHICAGO,IL,Federalized/Commercial,41.785972,-87.752417,MDW,2011,100892,101105,2172.0
AGL,CHICAGO,IL,Federalized/Commercial,41.785972,-87.752417,MDW,2012,101517,101590,807.0
AGL,CHICAGO,IL,Federalized/Commercial,41.785972,-87.752417,MDW,2013,101769,102887,1289.0
AGL,CHICAGO,IL,Federalized/Commercial,41.785972,-87.752417,MDW,2014,102373,102609,823.0
ASO,MEMPHIS,TN,Federalized/Commercial,35.042417,-89.976667,MEM,2004,173254,169818,654.0
ASO,MEMPHIS,TN,Federalized/Commercial,35.042417,-89.976667,MEM,2005,176691,173030,1014.0
ASO,MEMPHIS,TN,Federalized/Commercial,35.042417,-89.976667,MEM,2006,172206,169053,515.0
ASO,MEMPHIS,TN,Federalized/Commercial,35.042417,-89.976667,MEM,2007,170568,166269,870.0
ASO,MEMPHIS,TN,Federalized/Commercial,35.042417,-89.976667,MEM,2008,166979,163455,593.0
ASO,MEMPHIS,TN,Federalized/Commercial,35.042417,-89.976667,MEM,2009,153914,153422,328.0
ASO,MEMPHIS,TN,Federalized/Commercial,35.042417,-89.976667,MEM,2010,152842,151357,468.0
ASO,MEMPHIS,TN,Federalized/Commercial,35.042417,-89.976667,MEM,2011,139824,138518,591.0
ASO,MEMPHIS,TN,Federalized/Commercial,35.042417,-89.976667,MEM,2012,118834,117676,239.0
ASO,MEMPHIS,TN,Federalized/Commercial,35.042417,-89.976667,MEM,2013,100394,99057,371.0
ASO,MEMPHIS,TN,Federalized/Commercial,35.042417,-89.976667,MEM,2014,91359,90576,378.0
ANE,MANCHESTER,NH,Federalized/Commercial,42.932806,-71.43575,MHT,2004,10165,10188,2378.0
ANE,MANCHESTER,NH,Federalized/Commercial,42.932806,-71.43575,MHT,2005,37653,37773,2931.0
ANE,MANCHESTER,NH,Federalized/Commercial,42.932806,-71.43575,MHT,2006,33142,33296,1499.0
ANE,MANCHESTER,NH,Federalized/Commercial,42.932806,-71.43575,MHT,2007,33516,33343,1693.0
ANE,MANCHESTER,NH,Federalized/Commercial,42.932806,-71.43575,MHT,2008,30669,30628,1582.0
ANE,MANCHESTER,NH,Federalized/Commercial,42.932806,-71.43575,MHT,2009,26259,26296,1142.0
ANE,MANCHESTER,NH,Federalized/Commercial,42.932806,-71.43575,MHT,2010,25289,25343,2158.0
ANE,MANCHESTER,NH,Federalized/Commercial,42.932806,-71.43575,MHT,2011,24368,24377,2980.0
ANE,MANCHESTER,NH,Federalized/Commercial,42.932806,-71.43575,MHT,2012,21608,21521,1881.0
ANE,MANCHESTER,NH,Federalized/Commercial,42.932806,-71.43575,MHT,2013,20830,20713,1160.0
ANE,MANCHESTER,NH,Federalized/Commercial,42.932806,-71.43575,MHT,2014,18635,18571,1783.0
ASO,MIAMI,FL,Federalized/Commercial,25.795361,-80.290111,MIA,2004,154709,144138,775.0
ASO,MIAMI,FL,Federalized/Commercial,25.795361,-80.290111,MIA,2005,153661,143341,787.0
ASO,MIAMI,FL,Federalized/Commercial,25.795361,-80.290111,MIA,2006,155326,149223,923.0
ASO,MIAMI,FL,Federalized/Commercial,25.795361,-80.290111,MIA,2007,153621,149731,1598.0
ASO,MIAMI,FL,Federalized/Commercial,25.795361,-80.290111,MIA,2008,148383,140270,2362.0
ASO,MIAMI,FL,Federalized/Commercial,25.795361,-80.290111,MIA,2009,145748,134669,1328.0
ASO,MIAMI,FL,Federalized/Commercial,25.795361,-80.290111,MIA,2010,155714,145274,1391.0
ASO,MIAMI,FL,Federalized/Commercial,25.795361,-80.290111,MIA,2011,164184,155362,1528.0
ASO,MIAMI,FL,Federalized/Commercial,25.795361,-80.290111,MIA,2012,162815,157000,791.0
ASO,MIAMI,FL,Federalized/Commercial,25.795361,-80.290111,MIA,2013,166455,159690,1030.0
ASO,MIAMI,FL,Federalized/Commercial,25.795361,-80.290111,MIA,2014,168629,164346,1812.0
AGL,MILWAUKEE,WI,Federalized/Commercial,42.946931,-87.897068,MKE,2004,23109,23138,3884.0
AGL,MILWAUKEE,WI,Federalized/Commercial,42.946931,-87.897068,MKE,2005,94493,94132,3720.0
AGL,MILWAUKEE,WI,Federalized/Commercial,42.946931,-87.897068,MKE,2006,87040,86797,2618.0
AGL,MILWAUKEE,WI,Federalized/Commercial,42.946931,-87.897068,MKE,2007,86640,86703,7328.0
AGL,MILWAUKEE,WI,Federalized/Commercial,42.946931,-87.897068,MKE,2008,80819,80349,3717.0
AGL,MILWAUKEE,WI,Federalized/Commercial,42.946931,-87.897068,MKE,2009,74866,74974,3144.0
AGL,MILWAUKEE,WI,Federalized/Commercial,42.946931,-87.897068,MKE,2010,85455,85584,4638.0
AGL,MILWAUKEE,WI,Federalized/Commercial,42.946931,-87.897068,MKE,2011,76548,76746,3086.0
AGL,MILWAUKEE,WI,Federalized/Commercial,42.946931,-87.897068,MKE,2012,56232,56653,1619.0
AGL,MILWAUKEE,WI,Federalized/Commercial,42.946931,-87.897068,MKE,2013,50040,50304,3495.0
AGL,MILWAUKEE,WI,Federalized/Commercial,42.946931,-87.897068,MKE,2014,47897,47869,2779.0
AGL,MINNEAPOLIS,MN,Federalized/Commercial,44.881972,-93.221778,MSP,2004,254994,253293,1414.0
AGL,MINNEAPOLIS,MN,Federalized/Commercial,44.881972,-93.221778,MSP,2005,250633,249613,3271.0
AGL,MINNEAPOLIS,MN,Federalized/Commercial,44.881972,-93.221778,MSP,2006,222831,223060,520.0
AGL,MINNEAPOLIS,MN,Federalized/Commercial,44.881972,-93.221778,MSP,2007,214837,213716,722.0
AGL,MINNEAPOLIS,MN,Federalized/Commercial,44.881972,-93.221778,MSP,2008,213811,212956,1586.0
AGL,MINNEAPOLIS,MN,Federalized/Commercial,44.881972,-93.221778,MSP,2009,207765,207199,382.0
AGL,MINNEAPOLIS,MN,Federalized/Commercial,44.881972,-93.221778,MSP,2010,208609,207351,757.0
AGL,MINNEAPOLIS,MN,Federalized/Commercial,44.881972,-93.221778,MSP,2011,207583,207577,764.0
AGL,MINNEAPOLIS,MN,Federalized/Commercial,44.881972,-93.221778,MSP,2012,203576,203737,1086.0
AGL,MINNEAPOLIS,MN,Federalized/Commercial,44.881972,-93.221778,MSP,2013,206304,206694,625.0
AGL,MINNEAPOLIS,MN,Federalized/Commercial,44.881972,-93.221778,MSP,2014,197864,198012,1125.0
ASW,NEW ORLEANS,LA,Public Use,29.993389,-90.258028,MSY,2004,63061,63323,1344.0
ASW,NEW ORLEANS,LA,Public Use,29.993389,-90.258028,MSY,2005,46978,47441,1244.0
ASW,NEW ORLEANS,LA,Public Use,29.993389,-90.258028,MSY,2006,39738,39639,1870.0
ASW,NEW ORLEANS,LA,Public Use,29.993389,-90.258028,MSY,2007,46656,46787,1924.0
ASW,NEW ORLEANS,LA,Public Use,29.993389,-90.258028,MSY,2008,49916,49920,1943.0
ASW,NEW ORLEANS,LA,Public Use,29.993389,-90.258028,MSY,2009,45682,45770,1187.0
ASW,NEW ORLEANS,LA,Public Use,29.993389,-90.258028,MSY,2010,46923,47188,1072.0
ASW,NEW ORLEANS,LA,Public Use,29.993389,-90.258028,MSY,2011,48593,48753,1224.0
ASW,NEW ORLEANS,LA,Public Use,29.993389,-90.258028,MSY,2012,47684,47777,910.0
ASW,NEW ORLEANS,LA,Public Use,29.993389,-90.258028,MSY,2013,52334,52915,960.0
ASW,NEW ORLEANS,LA,Public Use,29.993389,-90.258028,MSY,2014,53045,53084,1189.0
AWP,OAKLAND,CA,Federalized/Commercial,37.721306,-122.220722,OAK,2004,96255,96429,108.0
AWP,OAKLAND,CA,Federalized/Commercial,37.721306,-122.220722,OAK,2005,96605,96399,66.0
AWP,OAKLAND,CA,Federalized/Commercial,37.721306,-122.220722,OAK,2006,98253,98229,549.0
AWP,OAKLAND,CA,Federalized/Commercial,37.721306,-122.220722,OAK,2007,100168,99687,413.0
AWP,OAKLAND,CA,Federalized/Commercial,37.721306,-122.220722,OAK,2008,87634,86950,545.0
AWP,OAKLAND,CA,Federalized/Commercial,37.721306,-122.220722,OAK,2009,69111,68371,186.0
AWP,OAKLAND,CA,Federalized/Commercial,37.721306,-122.220722,OAK,2010,65832,65169,196.0
AWP,OAKLAND,CA,Federalized/Commercial,37.721306,-122.220722,OAK,2011,64045,63242,245.0
AWP,OAKLAND,CA,Federalized/Commercial,37.721306,-122.220722,OAK,2012,64124,63681,216.0
AWP,OAKLAND,CA,Federalized/Commercial,37.721306,-122.220722,OAK,2013,60321,60591,378.0
AWP,OAKLAND,CA,Federalized/Commercial,37.721306,-122.220722,OAK,2014,62502,62539,199.0
AWP,KAHULUI,HI,Federalized/Commercial,20.89865,-156.430458,OGG,2004,8355,8424,435.0
AWP,KAHULUI,HI,Federalized/Commercial,20.89865,-156.430458,OGG,2005,35626,36108,526.0
AWP,KAHULUI,HI,Federalized/Commercial,20.89865,-156.430458,OGG,2006,37108,37218,603.0
AWP,KAHULUI,HI,Federalized/Commercial,20.89865,-156.430458,OGG,2007,37476,35402,1109.0
AWP,KAHULUI,HI,Federalized/Commercial,20.89865,-156.430458,OGG,2008,32036,29420,895.0
AWP,KAHULUI,HI,Federalized/Commercial,20.89865,-156.430458,OGG,2009,30677,30193,714.0
AWP,KAHULUI,HI,Federalized/Commercial,20.89865,-156.430458,OGG,2010,27206,27084,656.0
AWP,KAHULUI,HI,Federalized/Commercial,20.89865,-156.430458,OGG,2011,27142,27090,759.0
AWP,KAHULUI,HI,Federalized/Commercial,20.89865,-156.430458,OGG,2012,31181,31051,379.0
AWP,KAHULUI,HI,Federalized/Commercial,20.89865,-156.430458,OGG,2013,30069,29737,707.0
AWP,KAHULUI,HI,Federalized/Commercial,20.89865,-156.430458,OGG,2014,34163,33547,945.0
ACE,OMAHA,NE,Federalized/Commercial,41.303167,-95.894056,OMA,2004,9769,9740,717.0
ACE,OMAHA,NE,Federalized/Commercial,41.303167,-95.894056,OMA,2005,40412,40238,674.0
ACE,OMAHA,NE,Federalized/Commercial,41.303167,-95.894056,OMA,2006,39777,40736,812.0
ACE,OMAHA,NE,Federalized/Commercial,41.303167,-95.894056,OMA,2007,41352,41570,912.0
ACE,OMAHA,NE,Federalized/Commercial,41.303167,-95.894056,OMA,2008,39881,39850,676.0
ACE,OMAHA,NE,Federalized/Commercial,41.303167,-95.894056,OMA,2009,36834,36758,390.0
ACE,OMAHA,NE,Federalized/Commercial,41.303167,-95.894056,OMA,2010,38331,38386,427.0
ACE,OMAHA,NE,Federalized/Commercial,41.303167,-95.894056,OMA,2011,37305,37502,448.0
ACE,OMAHA,NE,Federalized/Commercial,41.303167,-95.894056,OMA,2012,35067,35288,376.0
ACE,OMAHA,NE,Federalized/Commercial,41.303167,-95.894056,OMA,2013,33253,33594,387.0
ACE,OMAHA,NE,Federalized/Commercial,41.303167,-95.894056,OMA,2014,33241,33237,556.0
AWP,ONTARIO,CA,Federalized/Commercial,34.056,-117.601194,ONT,2004,54166,54076,24304.0
AWP,ONTARIO,CA,Federalized/Commercial,34.056,-117.601194,ONT,2005,54110,54080,17665.0
AWP,ONTARIO,CA,Federalized/Commercial,34.056,-117.601194,ONT,2006,53893,54211,26723.0
AWP,ONTARIO,CA,Federalized/Commercial,34.056,-117.601194,ONT,2007,59098,58758,34189.0
AWP,ONTARIO,CA,Federalized/Commercial,34.056,-117.601194,ONT,2008,51391,51123,31144.0
AWP,ONTARIO,CA,Federalized/Commercial,34.056,-117.601194,ONT,2009,40278,39956,14506.0
AWP,ONTARIO,CA,Federalized/Commercial,34.056,-117.601194,ONT,2010,37332,37205,16229.0
AWP,ONTARIO,CA,Federalized/Commercial,34.056,-117.601194,ONT,2011,35796,35541,24153.0
AWP,ONTARIO,CA,Federalized/Commercial,34.056,-117.601194,ONT,2012,33371,33168,12971.0
AWP,ONTARIO,CA,Federalized/Commercial,34.056,-117.601194,ONT,2013,32031,31743,19154.0
AWP,ONTARIO,CA,Federalized/Commercial,34.056,-117.601194,ONT,2014,32791,32476,27809.0
AGL,CHICAGO,IL,Federalized/Commercial,41.981649,-87.906671,ORD,2004,485187,484859,80.0
AGL,CHICAGO,IL,Federalized/Commercial,41.981649,-87.906671,ORD,2005,473216,474168,55.0
AGL,CHICAGO,IL,Federalized/Commercial,41.981649,-87.906671,ORD,2006,466079,467039,95.0
AGL,CHICAGO,IL,Federalized/Commercial,41.981649,-87.906671,ORD,2007,455562,455118,38.0
AGL,CHICAGO,IL,Federalized/Commercial,41.981649,-87.906671,ORD,2008,431539,431421,40.0
AGL,CHICAGO,IL,Federalized/Commercial,41.981649,-87.906671,ORD,2009,404978,404952,51.0
AGL,CHICAGO,IL,Federalized/Commercial,41.981649,-87.906671,ORD,2010,430948,430618,18.0
AGL,CHICAGO,IL,Federalized/Commercial,41.981649,-87.906671,ORD,2011,429476,428779,832.0
AGL,CHICAGO,IL,Federalized/Commercial,41.981649,-87.906671,ORD,2012,427374,427768,813.0
AGL,CHICAGO,IL,Federalized/Commercial,41.981649,-87.906671,ORD,2013,425352,428767,376.0
AGL,CHICAGO,IL,Federalized/Commercial,41.981649,-87.906671,ORD,2014,430429,430750,720.0
AWP,OXNARD,CA,Public Use,34.200806,-119.207222,OXR,2004,731,717,493.0
AWP,OXNARD,CA,Public Use,34.200806,-119.207222,OXR,2005,2730,2817,415.0
AWP,OXNARD,CA,Public Use,34.200806,-119.207222,OXR,2006,2194,2191,932.0
AWP,OXNARD,CA,Public Use,34.200806,-119.207222,OXR,2007,2044,1928,724.0
AWP,OXNARD,CA,Public Use,34.200806,-119.207222,OXR,2008,1841,1768,419.0
AWP,OXNARD,CA,Public Use,34.200806,-119.207222,OXR,2009,1649,1504,323.0
AWP,OXNARD,CA,Public Use,34.200806,-119.207222,OXR,2010,955,948,843.0
AWP,OXNARD,CA,Public Use,34.200806,-119.207222,OXR,2011,360,486,2081.0
AWP,OXNARD,CA,Public Use,34.200806,-119.207222,OXR,2012,485,559,968.0
AWP,OXNARD,CA,Public Use,34.200806,-119.207222,OXR,2013,531,610,878.0
AWP,OXNARD,CA,Public Use,34.200806,-119.207222,OXR,2014,530,639,920.0
ASO,WEST PALM BEACH,FL,Federalized/Commercial,26.683167,-80.095583,PBI,2004,44816,43468,1308.0
ASO,WEST PALM BEACH,FL,Federalized/Commercial,26.683167,-80.095583,PBI,2005,44764,42951,513.0
ASO,WEST PALM BEACH,FL,Federalized/Commercial,26.683167,-80.095583,PBI,2006,45031,43552,593.0
ASO,WEST PALM BEACH,FL,Federalized/Commercial,26.683167,-80.095583,PBI,2007,47394,46148,551.0
ASO,WEST PALM BEACH,FL,Federalized/Commercial,26.683167,-80.095583,PBI,2008,43427,42451,583.0
ASO,WEST PALM BEACH,FL,Federalized/Commercial,26.683167,-80.095583,PBI,2009,35423,34681,652.0
ASO,WEST PALM BEACH,FL,Federalized/Commercial,26.683167,-80.095583,PBI,2010,36664,35608,808.0
ASO,WEST PALM BEACH,FL,Federalized/Commercial,26.683167,-80.095583,PBI,2011,36530,35262,5579.0
ASO,WEST PALM BEACH,FL,Federalized/Commercial,26.683167,-80.095583,PBI,2012,35521,34510,6450.0
ASO,WEST PALM BEACH,FL,Federalized/Commercial,26.683167,-80.095583,PBI,2013,35800,34995,3733.0
ASO,WEST PALM BEACH,FL,Federalized/Commercial,26.683167,-80.095583,PBI,2014,37466,36904,4828.0
ANM,PORTLAND,OR,Federalized/Commercial,45.588709,-122.596869,PDX,2004,107790,107597,3959.0
ANM,PORTLAND,OR,Federalized/Commercial,45.588709,-122.596869,PDX,2005,110782,110230,3411.0
ANM,PORTLAND,OR,Federalized/Commercial,45.588709,-122.596869,PDX,2006,111646,111969,4381.0
ANM,PORTLAND,OR,Federalized/Commercial,45.588709,-122.596869,PDX,2007,114531,113943,3959.0
ANM,PORTLAND,OR,Federalized/Commercial,45.588709,-122.596869,PDX,2008,107888,108006,2124.0
ANM,PORTLAND,OR,Federalized/Commercial,45.588709,-122.596869,PDX,2009,96802,96828,2199.0
ANM,PORTLAND,OR,Federalized/Commercial,45.588709,-122.596869,PDX,2010,97133,96705,2867.0
ANM,PORTLAND,OR,Federalized/Commercial,45.588709,-122.596869,PDX,2011,92795,93153,3517.0
ANM,PORTLAND,OR,Federalized/Commercial,45.588709,-122.596869,PDX,2012,92223,92392,3105.0
ANM,PORTLAND,OR,Federalized/Commercial,45.588709,-122.596869,PDX,2013,92554,91943,4513.0
ANM,PORTLAND,OR,Federalized/Commercial,45.588709,-122.596869,PDX,2014,94828,94702,5523.0
AEA,PHILADELPHIA,PA,Federalized/Commercial,39.872249,-75.240866,PHL,2004,225283,224381,4429.0
AEA,PHILADELPHIA,PA,Federalized/Commercial,39.872249,-75.240866,PHL,2005,252534,250524,2924.0
AEA,PHILADELPHIA,PA,Federalized/Commercial,39.872249,-75.240866,PHL,2006,241870,240724,3363.0
AEA,PHILADELPHIA,PA,Federalized/Commercial,39.872249,-75.240866,PHL,2007,232583,233078,3654.0
AEA,PHILADELPHIA,PA,Federalized/Commercial,39.872249,-75.240866,PHL,2008,229700,230105,2289.0
AEA,PHILADELPHIA,PA,Federalized/Commercial,39.872249,-75.240866,PHL,2009,220842,220753,2505.0
AEA,PHILADELPHIA,PA,Federalized/Commercial,39.872249,-75.240866,PHL,2010,214485,214971,2671.0
AEA,PHILADELPHIA,PA,Federalized/Commercial,39.872249,-75.240866,PHL,2011,213255,213163,2216.0
AEA,PHILADELPHIA,PA,Federalized/Commercial,39.872249,-75.240866,PHL,2012,211377,211189,2231.0
AEA,PHILADELPHIA,PA,Federalized/Commercial,39.872249,-75.240866,PHL,2013,206945,206032,1631.0
AEA,PHILADELPHIA,PA,Federalized/Commercial,39.872249,-75.240866,PHL,2014,200550,200637,2148.0
AWP,PHOENIX,AZ,Federalized/Commercial,33.434278,-112.011583,PHX,2004,240020,239521,1459.0
AWP,PHOENIX,AZ,Federalized/Commercial,33.434278,-112.011583,PHX,2005,249530,248195,760.0
AWP,PHOENIX,AZ,Federalized/Commercial,33.434278,-112.011583,PHX,2006,245896,244854,1388.0
AWP,PHOENIX,AZ,Federalized/Commercial,33.434278,-112.011583,PHX,2007,240059,239897,1007.0
AWP,PHOENIX,AZ,Federalized/Commercial,33.434278,-112.011583,PHX,2008,226663,226405,700.0
AWP,PHOENIX,AZ,Federalized/Commercial,33.434278,-112.011583,PHX,2009,208700,208786,848.0
AWP,PHOENIX,AZ,Federalized/Commercial,33.434278,-112.011583,PHX,2010,205899,206051,980.0
AWP,PHOENIX,AZ,Federalized/Commercial,33.434278,-112.011583,PHX,2011,213870,213498,273.0
AWP,PHOENIX,AZ,Federalized/Commercial,33.434278,-112.011583,PHX,2012,207667,207206,285.0
AWP,PHOENIX,AZ,Federalized/Commercial,33.434278,-112.011583,PHX,2013,200341,199957,167.0
AWP,PHOENIX,AZ,Federalized/Commercial,33.434278,-112.011583,PHX,2014,200278,199312,273.0
AEA,PITTSBURGH,PA,Federalized/Commercial,40.491472,-80.232861,PIT,2004,150501,150689,278.0
AEA,PITTSBURGH,PA,Federalized/Commercial,40.491472,-80.232861,PIT,2005,117635,117752,254.0
AEA,PITTSBURGH,PA,Federalized/Commercial,40.491472,-80.232861,PIT,2006,104606,104602,276.0
AEA,PITTSBURGH,PA,Federalized/Commercial,40.491472,-80.232861,PIT,2007,92901,93107,352.0
AEA,PITTSBURGH,PA,Federalized/Commercial,40.491472,-80.232861,PIT,2008,71863,72058,751.0
AEA,PITTSBURGH,PA,Federalized/Commercial,40.491472,-80.232861,PIT,2009,61447,61411,1171.0
AEA,PITTSBURGH,PA,Federalized/Commercial,40.491472,-80.232861,PIT,2010,60738,60748,842.0
AEA,PITTSBURGH,PA,Federalized/Commercial,40.491472,-80.232861,PIT,2011,63078,63037,1226.0
AEA,PITTSBURGH,PA,Federalized/Commercial,40.491472,-80.232861,PIT,2012,58244,58161,723.0
AEA,PITTSBURGH,PA,Federalized/Commercial,40.491472,-80.232861,PIT,2013,59106,59132,340.0
AEA,PITTSBURGH,PA,Federalized/Commercial,40.491472,-80.232861,PIT,2014,58332,58291,749.0
AWP,PALM SPRINGS,CA,Federalized/Commercial,33.829667,-116.506694,PSP,2007,17764,17852,813.0
AWP,PALM SPRINGS,CA,Federalized/Commercial,33.829667,-116.506694,PSP,2008,16005,16036,359.0
AWP,PALM SPRINGS,CA,Federalized/Commercial,33.829667,-116.506694,PSP,2009,14802,14837,400.0
AWP,PALM SPRINGS,CA,Federalized/Commercial,33.829667,-116.506694,PSP,2010,14769,14859,491.0
AWP,PALM SPRINGS,CA,Federalized/Commercial,33.829667,-116.506694,PSP,2011,14458,14632,3156.0
AWP,PALM SPRINGS,CA,Federalized/Commercial,33.829667,-116.506694,PSP,2012,15601,15682,2504.0
AWP,PALM SPRINGS,CA,Federalized/Commercial,33.829667,-116.506694,PSP,2013,15346,15242,2323.0
AWP,PALM SPRINGS,CA,Federalized/Commercial,33.829667,-116.506694,PSP,2014,16231,16208,2834.0
ANE,PROVIDENCE,RI,Federalized/Commercial,41.723999,-71.428221,PVD,2004,11349,11393,2438.0
ANE,PROVIDENCE,RI,Federalized/Commercial,41.723999,-71.428221,PVD,2005,42324,42517,1636.0
ANE,PROVIDENCE,RI,Federalized/Commercial,41.723999,-71.428221,PVD,2006,38925,39178,2341.0
ANE,PROVIDENCE,RI,Federalized/Commercial,41.723999,-71.428221,PVD,2007,38544,38598,1943.0
ANE,PROVIDENCE,RI,Federalized/Commercial,41.723999,-71.428221,PVD,2008,34486,34449,1299.0
ANE,PROVIDENCE,RI,Federalized/Commercial,41.723999,-71.428221,PVD,2009,30672,30647,1781.0
ANE,PROVIDENCE,RI,Federalized/Commercial,41.723999,-71.428221,PVD,2010,29377,29257,2175.0
ANE,PROVIDENCE,RI,Federalized/Commercial,41.723999,-71.428221,PVD,2011,28435,28405,20.0
ANE,PROVIDENCE,RI,Federalized/Commercial,41.723999,-71.428221,PVD,2012,24534,24491,11.0
ANE,PROVIDENCE,RI,Federalized/Commercial,41.723999,-71.428221,PVD,2013,23919,23904,7.0
ANE,PROVIDENCE,RI,Federalized/Commercial,41.723999,-71.428221,PVD,2014,22281,21619,0.0
ASO,RALEIGH/DURHAM,NC,Federalized/Commercial,35.877639,-78.787472,RDU,2004,91681,92066,2.0
ASO,RALEIGH/DURHAM,NC,Federalized/Commercial,35.877639,-78.787472,RDU,2005,92688,92884,0.0
ASO,RALEIGH/DURHAM,NC,Federalized/Commercial,35.877639,-78.787472,RDU,2006,88135,88308,500.0
ASO,RALEIGH/DURHAM,NC,Federalized/Commercial,35.877639,-78.787472,RDU,2007,92590,92877,680.0
ASO,RALEIGH/DURHAM,NC,Federalized/Commercial,35.877639,-78.787472,RDU,2008,82686,82877,331.0
ASO,RALEIGH/DURHAM,NC,Federalized/Commercial,35.877639,-78.787472,RDU,2009,73183,73439,478.0
ASO,RALEIGH/DURHAM,NC,Federalized/Commercial,35.877639,-78.787472,RDU,2010,70023,70222,470.0
ASO,RALEIGH/DURHAM,NC,Federalized/Commercial,35.877639,-78.787472,RDU,2011,71200,71153,303.0
ASO,RALEIGH/DURHAM,NC,Federalized/Commercial,35.877639,-78.787472,RDU,2012,68663,68555,670.0
ASO,RALEIGH/DURHAM,NC,Federalized/Commercial,35.877639,-78.787472,RDU,2013,67514,67182,537.0
ASO,RALEIGH/DURHAM,NC,Federalized/Commercial,35.877639,-78.787472,RDU,2014,67367,67330,354.0
AGL,CHICAGO/ROCKFORD,IL,Federalized/Commercial,42.195361,-89.097222,RFD,2004,1946,1935,294.0
AGL,CHICAGO/ROCKFORD,IL,Federalized/Commercial,42.195361,-89.097222,RFD,2005,7951,7856,734.0
AGL,CHICAGO/ROCKFORD,IL,Federalized/Commercial,42.195361,-89.097222,RFD,2006,8649,8564,1692.0
AGL,CHICAGO/ROCKFORD,IL,Federalized/Commercial,42.195361,-89.097222,RFD,2007,9005,8979,1694.0
AGL,CHICAGO/ROCKFORD,IL,Federalized/Commercial,42.195361,-89.097222,RFD,2008,8074,8011,2279.0
AGL,CHICAGO/ROCKFORD,IL,Federalized/Commercial,42.195361,-89.097222,RFD,2009,6156,6016,2155.0
AGL,CHICAGO/ROCKFORD,IL,Federalized/Commercial,42.195361,-89.097222,RFD,2010,5439,5401,2299.0
AGL,CHICAGO/ROCKFORD,IL,Federalized/Commercial,42.195361,-89.097222,RFD,2011,5094,5052,1421.0
AGL,CHICAGO/ROCKFORD,IL,Federalized/Commercial,42.195361,-89.097222,RFD,2012,4856,4762,1601.0
AGL,CHICAGO/ROCKFORD,IL,Federalized/Commercial,42.195361,-89.097222,RFD,2013,4570,4445,1915.0
AGL,CHICAGO/ROCKFORD,IL,Federalized/Commercial,42.195361,-89.097222,RFD,2014,4500,4481,1817.0
ASO,FORT MYERS,FL,Federalized/Commercial,26.536167,-81.755167,RSW,2004,9204,9199,1795.0
ASO,FORT MYERS,FL,Federalized/Commercial,26.536167,-81.755167,RSW,2005,39361,39446,1941.0
ASO,FORT MYERS,FL,Federalized/Commercial,26.536167,-81.755167,RSW,2006,38541,38574,1054.0
ASO,FORT MYERS,FL,Federalized/Commercial,26.536167,-81.755167,RSW,2007,40564,40640,1027.0
ASO,FORT MYERS,FL,Federalized/Commercial,26.536167,-81.755167,RSW,2008,38640,38758,884.0
ASO,FORT MYERS,FL,Federalized/Commercial,26.536167,-81.755167,RSW,2009,35902,35903,1381.0
ASO,FORT MYERS,FL,Federalized/Commercial,26.536167,-81.755167,RSW,2010,36391,36472,1047.0
ASO,FORT MYERS,FL,Federalized/Commercial,26.536167,-81.755167,RSW,2011,36450,36385,460.0
ASO,FORT MYERS,FL,Federalized/Commercial,26.536167,-81.755167,RSW,2012,34601,34659,608.0
ASO,FORT MYERS,FL,Federalized/Commercial,26.536167,-81.755167,RSW,2013,35396,35252,791.0
ASO,FORT MYERS,FL,Federalized/Commercial,26.536167,-81.755167,RSW,2014,34687,34572,546.0
AWP,SAN DIEGO,CA,Federalized/Commercial,32.733556,-117.189667,SAN,2004,96361,95914,716.0
AWP,SAN DIEGO,CA,Federalized/Commercial,32.733556,-117.189667,SAN,2005,102281,101518,847.0
AWP,SAN DIEGO,CA,Federalized/Commercial,32.733556,-117.189667,SAN,2006,102803,102972,780.0
AWP,SAN DIEGO,CA,Federalized/Commercial,32.733556,-117.189667,SAN,2007,106794,107009,656.0
AWP,SAN DIEGO,CA,Federalized/Commercial,32.733556,-117.189667,SAN,2008,103786,104107,415.0
AWP,SAN DIEGO,CA,Federalized/Commercial,32.733556,-117.189667,SAN,2009,91757,92101,839.0
AWP,SAN DIEGO,CA,Federalized/Commercial,32.733556,-117.189667,SAN,2010,87436,87619,765.0
AWP,SAN DIEGO,CA,Federalized/Commercial,32.733556,-117.189667,SAN,2011,85528,85655,514.0
AWP,SAN DIEGO,CA,Federalized/Commercial,32.733556,-117.189667,SAN,2012,86058,86414,614.0
AWP,SAN DIEGO,CA,Federalized/Commercial,32.733556,-117.189667,SAN,2013,86848,87415,500.0
AWP,SAN DIEGO,CA,Federalized/Commercial,32.733556,-117.189667,SAN,2014,90092,90007,304.0
ASW,SAN ANTONIO,TX,Federalized/Commercial,29.533694,-98.469778,SAT,2004,53755,54414,475.0
ASW,SAN ANTONIO,TX,Federalized/Commercial,29.533694,-98.469778,SAT,2005,53524,54155,817.0
ASW,SAN ANTONIO,TX,Federalized/Commercial,29.533694,-98.469778,SAT,2006,56908,57817,2646.0
ASW,SAN ANTONIO,TX,Federalized/Commercial,29.533694,-98.469778,SAT,2007,59403,60046,2167.0
ASW,SAN ANTONIO,TX,Federalized/Commercial,29.533694,-98.469778,SAT,2008,58527,58757,1965.0
ASW,SAN ANTONIO,TX,Federalized/Commercial,29.533694,-98.469778,SAT,2009,52057,52241,2319.0
ASW,SAN ANTONIO,TX,Federalized/Commercial,29.533694,-98.469778,SAT,2010,52583,52984,2305.0
ASW,SAN ANTONIO,TX,Federalized/Commercial,29.533694,-98.469778,SAT,2011,52547,52923,947.0
ASW,SAN ANTONIO,TX,Federalized/Commercial,29.533694,-98.469778,SAT,2012,53839,53996,938.0
ASW,SAN ANTONIO,TX,Federalized/Commercial,29.533694,-98.469778,SAT,2013,53652,54020,1018.0
ASW,SAN ANTONIO,TX,Federalized/Commercial,29.533694,-98.469778,SAT,2014,53144,53325,1329.0
ASO,LOUISVILLE,KY,Federalized/Commercial,38.174086,-85.736499,SDF,2004,71480,71254,864.0
ASO,LOUISVILLE,KY,Federalized/Commercial,38.174086,-85.736499,SDF,2005,74853,74918,1045.0
ASO,LOUISVILLE,KY,Federalized/Commercial,38.174086,-85.736499,SDF,2006,72888,72864,3755.0
ASO,LOUISVILLE,KY,Federalized/Commercial,38.174086,-85.736499,SDF,2007,76091,75865,3509.0
ASO,LOUISVILLE,KY,Federalized/Commercial,38.174086,-85.736499,SDF,2008,69842,69458,4891.0
ASO,LOUISVILLE,KY,Federalized/Commercial,38.174086,-85.736499,SDF,2009,63330,62958,5303.0
ASO,LOUISVILLE,KY,Federalized/Commercial,38.174086,-85.736499,SDF,2010,65983,65408,5774.0
ASO,LOUISVILLE,KY,Federalized/Commercial,38.174086,-85.736499,SDF,2011,66057,65376,3491.0
ASO,LOUISVILLE,KY,Federalized/Commercial,38.174086,-85.736499,SDF,2012,64282,63257,5636.0
ASO,LOUISVILLE,KY,Federalized/Commercial,38.174086,-85.736499,SDF,2013,65029,63796,5878.0
ASO,LOUISVILLE,KY,Federalized/Commercial,38.174086,-85.736499,SDF,2014,64316,63805,8246.0
ANM,SEATTLE,WA,Federalized/Commercial,47.449889,-122.311778,SEA,2004,175769,175080,6821.0
ANM,SEATTLE,WA,Federalized/Commercial,47.449889,-122.311778,SEA,2005,167561,167023,8750.0
ANM,SEATTLE,WA,Federalized/Commercial,47.449889,-122.311778,SEA,2006,166479,167019,1646.0
ANM,SEATTLE,WA,Federalized/Commercial,47.449889,-122.311778,SEA,2007,167658,167931,1455.0
ANM,SEATTLE,WA,Federalized/Commercial,47.449889,-122.311778,SEA,2008,166460,167035,1422.0
ANM,SEATTLE,WA,Federalized/Commercial,47.449889,-122.311778,SEA,2009,154524,154814,1415.0
ANM,SEATTLE,WA,Federalized/Commercial,47.449889,-122.311778,SEA,2010,152846,153105,1565.0
ANM,SEATTLE,WA,Federalized/Commercial,47.449889,-122.311778,SEA,2011,153354,153779,1052.0
ANM,SEATTLE,WA,Federalized/Commercial,47.449889,-122.311778,SEA,2012,151109,150604,731.0
ANM,SEATTLE,WA,Federalized/Commercial,47.449889,-122.311778,SEA,2013,154456,153310,939.0
ANM,SEATTLE,WA,Federalized/Commercial,47.449889,-122.311778,SEA,2014,165858,165955,759.0
AWP,SAN FRANCISCO,CA,Federalized/Commercial,37.618972,-122.374889,SFO,2004,162677,166132,835.0
AWP,SAN FRANCISCO,CA,Federalized/Commercial,37.618972,-122.374889,SFO,2005,162913,164784,819.0
AWP,SAN FRANCISCO,CA,Federalized/Commercial,37.618972,-122.374889,SFO,2006,166306,168661,619.0
AWP,SAN FRANCISCO,CA,Federalized/Commercial,37.618972,-122.374889,SFO,2007,174691,174929,597.0
AWP,SAN FRANCISCO,CA,Federalized/Commercial,37.618972,-122.374889,SFO,2008,180476,180799,490.0
AWP,SAN FRANCISCO,CA,Federalized/Commercial,37.618972,-122.374889,SFO,2009,178369,178980,585.0
AWP,SAN FRANCISCO,CA,Federalized/Commercial,37.618972,-122.374889,SFO,2010,181495,181856,435.0
AWP,SAN FRANCISCO,CA,Federalized/Commercial,37.618972,-122.374889,SFO,2011,189552,190242,358.0
AWP,SAN FRANCISCO,CA,Federalized/Commercial,37.618972,-122.374889,SFO,2012,199751,200238,465.0
AWP,SAN FRANCISCO,CA,Federalized/Commercial,37.618972,-122.374889,SFO,2013,198131,198877,441.0
AWP,SAN FRANCISCO,CA,Federalized/Commercial,37.618972,-122.374889,SFO,2014,206374,205946,315.0
AWP,SAN JOSE,CA,Federalized/Commercial,37.362667,-121.929111,SJC,2004,75631,76805,221.0
AWP,SAN JOSE,CA,Federalized/Commercial,37.362667,-121.929111,SJC,2005,72696,73263,521.0
AWP,SAN JOSE,CA,Federalized/Commercial,37.362667,-121.929111,SJC,2006,73196,73856,3478.0
AWP,SAN JOSE,CA,Federalized/Commercial,37.362667,-121.929111,SJC,2007,73741,74273,3907.0
AWP,SAN JOSE,CA,Federalized/Commercial,37.362667,-121.929111,SJC,2008,67435,67891,2352.0
AWP,SAN JOSE,CA,Federalized/Commercial,37.362667,-121.929111,SJC,2009,57650,57930,2605.0
AWP,SAN JOSE,CA,Federalized/Commercial,37.362667,-121.929111,SJC,2010,52042,52357,2424.0
AWP,SAN JOSE,CA,Federalized/Commercial,37.362667,-121.929111,SJC,2011,51848,52070,1734.0
AWP,SAN JOSE,CA,Federalized/Commercial,37.362667,-121.929111,SJC,2012,50458,50521,2437.0
AWP,SAN JOSE,CA,Federalized/Commercial,37.362667,-121.929111,SJC,2013,52414,52518,1946.0
AWP,SAN JOSE,CA,Federalized/Commercial,37.362667,-121.929111,SJC,2014,55558,55523,1227.0
ASO,SAN JUAN,PR,Federalized/Commercial,18.439295,-66.002004,SJU,2004,60371,56735,2008.0
ASO,SAN JUAN,PR,Federalized/Commercial,18.439295,-66.002004,SJU,2005,57736,54870,1374.0
ASO,SAN JUAN,PR,Federalized/Commercial,18.439295,-66.002004,SJU,2006,55707,52948,1045.0
ASO,SAN JUAN,PR,Federalized/Commercial,18.439295,-66.002004,SJU,2007,47987,47246,964.0
ASO,SAN JUAN,PR,Federalized/Commercial,18.439295,-66.002004,SJU,2008,44493,43448,668.0
ASO,SAN JUAN,PR,Federalized/Commercial,18.439295,-66.002004,SJU,2009,48418,46678,944.0
ASO,SAN JUAN,PR,Federalized/Commercial,18.439295,-66.002004,SJU,2010,47314,45781,1044.0
ASO,SAN JUAN,PR,Federalized/Commercial,18.439295,-66.002004,SJU,2011,42803,42401,905.0
ASO,SAN JUAN,PR,Federalized/Commercial,18.439295,-66.002004,SJU,2012,44716,43985,827.0
ASO,SAN JUAN,PR,Federalized/Commercial,18.439295,-66.002004,SJU,2013,42902,42175,1115.0
ASO,SAN JUAN,PR,Federalized/Commercial,18.439295,-66.002004,SJU,2014,43671,42965,1215.0
ANM,SALT LAKE CITY,UT,Federalized/Commercial,40.788388,-111.977773,SLC,2004,161528,160765,1084.0
ANM,SALT LAKE CITY,UT,Federalized/Commercial,40.788388,-111.977773,SLC,2005,186361,184974,1374.0
ANM,SALT LAKE CITY,UT,Federalized/Commercial,40.788388,-111.977773,SLC,2006,205054,169156,1692.0
ANM,SALT LAKE CITY,UT,Federalized/Commercial,40.788388,-111.977773,SLC,2007,171576,169476,1379.0
ANM,SALT LAKE CITY,UT,Federalized/Commercial,40.788388,-111.977773,SLC,2008,159347,157543,982.0
ANM,SALT LAKE CITY,UT,Federalized/Commercial,40.788388,-111.977773,SLC,2009,151233,149920,853.0
ANM,SALT LAKE CITY,UT,Federalized/Commercial,40.788388,-111.977773,SLC,2010,147975,146918,1006.0
ANM,SALT LAKE CITY,UT,Federalized/Commercial,40.788388,-111.977773,SLC,2011,139366,139144,919.0
ANM,SALT LAKE CITY,UT,Federalized/Commercial,40.788388,-111.977773,SLC,2012,129026,129031,830.0
ANM,SALT LAKE CITY,UT,Federalized/Commercial,40.788388,-111.977773,SLC,2013,128090,127946,893.0
ANM,SALT LAKE CITY,UT,Federalized/Commercial,40.788388,-111.977773,SLC,2014,129307,128941,1637.0
AWP,SACRAMENTO,CA,Federalized/Commercial,38.695444,-121.590778,SMF,2007,65686,65960,1546.0
AWP,SACRAMENTO,CA,Federalized/Commercial,38.695444,-121.590778,SMF,2008,61470,61500,1934.0
AWP,SACRAMENTO,CA,Federalized/Commercial,38.695444,-121.590778,SMF,2009,52731,52905,2548.0
AWP,SACRAMENTO,CA,Federalized/Commercial,38.695444,-121.590778,SMF,2010,51516,51632,2560.0
AWP,SACRAMENTO,CA,Federalized/Commercial,38.695444,-121.590778,SMF,2011,50574,50719,1337.0
AWP,SACRAMENTO,CA,Federalized/Commercial,38.695444,-121.590778,SMF,2012,49016,49085,1415.0
AWP,SACRAMENTO,CA,Federalized/Commercial,38.695444,-121.590778,SMF,2013,46868,47183,2373.0
AWP,SACRAMENTO,CA,Federalized/Commercial,38.695444,-121.590778,SMF,2014,47618,47523,979.0
AWP,SANTA ANA,CA,Federalized/Commercial,33.675667,-117.868222,SNA,2004,14135,14276,1473.0
AWP,SANTA ANA,CA,Federalized/Commercial,33.675667,-117.868222,SNA,2005,55590,55995,1934.0
AWP,SANTA ANA,CA,Federalized/Commercial,33.675667,-117.868222,SNA,2006,56634,57499,151.0
AWP,SANTA ANA,CA,Federalized/Commercial,33.675667,-117.868222,SNA,2007,57795,58356,174.0
AWP,SANTA ANA,CA,Federalized/Commercial,33.675667,-117.868222,SNA,2008,51644,52088,76.0
AWP,SANTA ANA,CA,Federalized/Commercial,33.675667,-117.868222,SNA,2009,50127,50368,223.0
AWP,SANTA ANA,CA,Federalized/Commercial,33.675667,-117.868222,SNA,2010,46002,46334,94.0
AWP,SANTA ANA,CA,Federalized/Commercial,33.675667,-117.868222,SNA,2011,45157,45435,47.0
AWP,SANTA ANA,CA,Federalized/Commercial,33.675667,-117.868222,SNA,2012,45397,45653,121.0
AWP,SANTA ANA,CA,Federalized/Commercial,33.675667,-117.868222,SNA,2013,46656,46935,82.0
AWP,SANTA ANA,CA,Federalized/Commercial,33.675667,-117.868222,SNA,2014,47176,47252,26.0
ACE,ST LOUIS,MO,Federalized/Commercial,38.748697,-90.370029,STL,2004,130440,130684,50.0
ACE,ST LOUIS,MO,Federalized/Commercial,38.748697,-90.370029,STL,2005,134794,134879,28.0
ACE,ST LOUIS,MO,Federalized/Commercial,38.748697,-90.370029,STL,2006,127485,127934,2183.0
ACE,ST LOUIS,MO,Federalized/Commercial,38.748697,-90.370029,STL,2007,118824,119185,1517.0
ACE,ST LOUIS,MO,Federalized/Commercial,38.748697,-90.370029,STL,2008,116267,116638,783.0
ACE,ST LOUIS,MO,Federalized/Commercial,38.748697,-90.370029,STL,2009,98714,98773,1360.0
ACE,ST LOUIS,MO,Federalized/Commercial,38.748697,-90.370029,STL,2010,85835,85963,1381.0
ACE,ST LOUIS,MO,Federalized/Commercial,38.748697,-90.370029,STL,2011,88445,88387,656.0
ACE,ST LOUIS,MO,Federalized/Commercial,38.748697,-90.370029,STL,2012,89904,89576,1364.0
ACE,ST LOUIS,MO,Federalized/Commercial,38.748697,-90.370029,STL,2013,87766,88139,1289.0
ACE,ST LOUIS,MO,Federalized/Commercial,38.748697,-90.370029,STL,2014,86632,86474,861.0
AEA,NEWBURGH,NY,Federalized/Commercial,41.504111,-74.104833,SWF,2004,2734,2662,627.0
AEA,NEWBURGH,NY,Federalized/Commercial,41.504111,-74.104833,SWF,2005,8820,8666,1414.0
AEA,NEWBURGH,NY,Federalized/Commercial,41.504111,-74.104833,SWF,2006,6582,6359,183.0
AEA,NEWBURGH,NY,Federalized/Commercial,41.504111,-74.104833,SWF,2007,9634,9418,227.0
AEA,NEWBURGH,NY,Federalized/Commercial,41.504111,-74.104833,SWF,2008,8096,7907,380.0
AEA,NEWBURGH,NY,Federalized/Commercial,41.504111,-74.104833,SWF,2009,5068,4975,518.0
AEA,NEWBURGH,NY,Federalized/Commercial,41.504111,-74.104833,SWF,2010,4840,4819,380.0
AEA,NEWBURGH,NY,Federalized/Commercial,41.504111,-74.104833,SWF,2011,5546,5444,217.0
AEA,NEWBURGH,NY,Federalized/Commercial,41.504111,-74.104833,SWF,2012,5546,5474,254.0
AEA,NEWBURGH,NY,Federalized/Commercial,41.504111,-74.104833,SWF,2013,4935,4873,387.0
AEA,NEWBURGH,NY,Federalized/Commercial,41.504111,-74.104833,SWF,2014,4863,4871,224.0
AEA,TETERBORO,NJ,Public Use,40.850101,-74.060836,TEB,2004,28711,28964,328.0
AEA,TETERBORO,NJ,Public Use,40.850101,-74.060836,TEB,2005,29219,29332,333.0
AEA,TETERBORO,NJ,Public Use,40.850101,-74.060836,TEB,2006,29286,29520,
AEA,TETERBORO,NJ,Public Use,40.850101,-74.060836,TEB,2007,30326,30630,
AEA,TETERBORO,NJ,Public Use,40.850101,-74.060836,TEB,2008,26049,25870,
AEA,TETERBORO,NJ,Public Use,40.850101,-74.060836,TEB,2009,20989,20866,
AEA,TETERBORO,NJ,Public Use,40.850101,-74.060836,TEB,2010,22793,22898,
AEA,TETERBORO,NJ,Public Use,40.850101,-74.060836,TEB,2011,24396,24798,
AEA,TETERBORO,NJ,Public Use,40.850101,-74.060836,TEB,2012,24396,24778,
AEA,TETERBORO,NJ,Public Use,40.850101,-74.060836,TEB,2013,28656,28748,
AEA,TETERBORO,NJ,Public Use,40.850101,-74.060836,TEB,2014,29836,29781,
ASO,TAMPA,FL,Federalized/Commercial,27.975472,-82.53325,TPA,2004,100556,100312,
ASO,TAMPA,FL,Federalized/Commercial,27.975472,-82.53325,TPA,2005,111899,111953,
ASO,TAMPA,FL,Federalized/Commercial,27.975472,-82.53325,TPA,2006,106426,106040,
ASO,TAMPA,FL,Federalized/Commercial,27.975472,-82.53325,TPA,2007,107523,107579,
ASO,TAMPA,FL,Federalized/Commercial,27.975472,-82.53325,TPA,2008,100289,100528,
ASO,TAMPA,FL,Federalized/Commercial,27.975472,-82.53325,TPA,2009,83888,84140,
ASO,TAMPA,FL,Federalized/Commercial,27.975472,-82.53325,TPA,2010,82346,82582,
ASO,TAMPA,FL,Federalized/Commercial,27.975472,-82.53325,TPA,2011,81837,81897,
ASO,TAMPA,FL,Federalized/Commercial,27.975472,-82.53325,TPA,2012,80605,80523,
ASO,TAMPA,FL,Federalized/Commercial,27.975472,-82.53325,TPA,2013,80603,79946,
ASO,TAMPA,FL,Federalized/Commercial,27.975472,-82.53325,TPA,2014,79489,79173,
AWP,TUCSON,AZ,Federalized/Commercial,32.116083,-110.941028,TUS,2004,7498,7501,
AWP,TUCSON,AZ,Federalized/Commercial,32.116083,-110.941028,TUS,2005,29803,29761,
AWP,TUCSON,AZ,Federalized/Commercial,32.116083,-110.941028,TUS,2006,29332,30490,
AWP,TUCSON,AZ,Federalized/Commercial,32.116083,-110.941028,TUS,2007,32136,32102,
AWP,TUCSON,AZ,Federalized/Commercial,32.116083,-110.941028,TUS,2008,30267,30337,
AWP,TUCSON,AZ,Federalized/Commercial,32.116083,-110.941028,TUS,2009,24475,24528,
AWP,TUCSON,AZ,Federalized/Commercial,32.116083,-110.941028,TUS,2010,24995,25088,
AWP,TUCSON,AZ,Federalized/Commercial,32.116083,-110.941028,TUS,2011,25149,25165,
AWP,TUCSON,AZ,Federalized/Commercial,32.116083,-110.941028,TUS,2012,23583,23679,
AWP,TUCSON,AZ,Federalized/Commercial,32.116083,-110.941028,TUS,2013,22502,22090,
AWP,TUCSON,AZ,Federalized/Commercial,32.116083,-110.941028,TUS,2014,22589,22340,
AWP,VAN NUYS,CA,Public Use,34.209806,-118.489972,VNY,2004,1331,1301,
AWP,VAN NUYS,CA,Public Use,34.209806,-118.489972,VNY,2005,5235,5169,
AWP,VAN NUYS,CA,Public Use,34.209806,-118.489972,VNY,2006,6142,6112,
AWP,VAN NUYS,CA,Public Use,34.209806,-118.489972,VNY,2007,6179,6349,
AWP,VAN NUYS,CA,Public Use,34.209806,-118.489972,VNY,2008,4282,4469,
AWP,VAN NUYS,CA,Public Use,34.209806,-118.489972,VNY,2009,2986,3005,
AWP,VAN NUYS,CA,Public Use,34.209806,-118.489972,VNY,2010,3420,3500,
AWP,VAN NUYS,CA,Public Use,34.209806,-118.489972,VNY,2011,4134,4134,
AWP,VAN NUYS,CA,Public Use,34.209806,-118.489972,VNY,2012,4753,4787,
AWP,VAN NUYS,CA,Public Use,34.209806,-118.489972,VNY,2013,6096,6165,
AWP,VAN NUYS,CA,Public Use,34.209806,-118.489972,VNY,2014,7412,7573,
