city,company,description,jobTitle,salary,salCategory,salClass
Washington DC,Department Of Education,"Analyze data of extreme complexity largely through Federal Student Aid’s Enterprise Data Warehouse (EDW), a 40-terabyte system of financial transactions and...","Statistician (Predictive Analytics), GS-1530-13/14(DE)",116850.0,moderate,0
Washington DC,Department Of The Interior,"Data collection tools; Identify precise operational definitions of the data elements, data sources, and reporting formats for various performance management and...","Education Research Analyst, GS-1730-13",105969.5,moderate,0
Washington DC,Legislative Branch,"Or in the social sciences including demography, history, economics, social welfare, geography, international relations, social or cultural anthropology, health...",Senior Statistician,101701.5,moderate,0
Washington DC,Department Of Commerce,"Analyze and evaluate data. Assist in data collection operations. Work on project activities usingdemographic or economic data for persons, households,...","Recent Graduate Statistician GS-1530-7/9/11, Census-D-TH",63864.0,moderate,0
Washington DC,Jobspring Partners,The data scientist will develop algorithms and analytic solutions to prepare for research and development testing....,Mid Level Data Scientist,140000.0,high,1
Washington DC,Legislative Branch,About the Agency GAO's work is designed to address four common goals: - to help the Congress address current and emerging challenges to the well-being and,Senior Mathematical Statistician,101701.5,moderate,0
Washington DC,Department Of Labor,"The branch conducts research on approaches to improving response rates, data collection, and data quality. Data quality studies are aimed at identifying and...",Economist or Statistician (Economics),125221.0,high,1
Washington DC,Dept of Forensic Sciences,"Skill and ability to use a personal computer to prepare, store, and retrieve data and knowledge of software affiliated with crime scene data....",Forensic Scientist II (Crime Scene),84185.5,moderate,0
Washington DC,Office of the State Superintendent of Education,"Provides staffing support and research to assist the Division of Data Accountability & Research in its efforts to standardize data across public schools, public...",Education Research Analyst,90036.0,moderate,0
Washington DC,Washington DC VA Medical Center,"Neuroscience, CVA and TBI etiology, brain imaging, experimental design, data analysis, grant and manuscript writing, and career development....",Postdoctoral Fellow,47000.0,moderate,0
Washington DC,Department of the Air Force,"Ability to develop and utilize appropriate data collection techniques; And use Excel-based VBA programs and macros for data collection, reporting, and analysis....",OPERATIONS RESEARCH ANALYST,125221.0,high,1
Washington DC,Immersion Consulting,Immersion Consulting LLC is Seeking a Senior Analyst that can support senior government managers and functional and technical staff by: • conducting detailed,Functional Analyst II - Market Research,85000.0,moderate,0
Washington DC,Department Of Education,Strong research methods and data analytic skills; (4) analyze data and synthesize information from education research and related areas;...,"Senior Education Research Scientist/Analyst, AD-1730-00",142500.0,high,1
Washington DC,Department of the Navy,"Develop goals and objectives that integrate organization and section objectives in administering Intranet SharePoint, Data Management, and Intranet Portal...",INTELLIGENCE SPECIALIST,89113.0,moderate,0
Washington DC,Metropolitan Washington Council of Governments,And other data collected for use in regional transportation planning activities. Develop survey questionnaires and specify data collection methods and quality...,Senior Statistical Survey Analyst,86930.5,moderate,0
Washington DC,Analytic Recruiting,"Collect and analyze data using basic research techniques. Market Research Analyst needed by full-service international market research firm to conduct custom,...",Market Research Analyst,65000.0,moderate,0
Washington DC,All-In Analytics,"PD EAD LGD modeling, loss forecasting, stress testing, credit risk management, statistical modeling, machine learning, mortgage portfolios, credit risk, big...",Machine Learning Risk Data Scientist,115000.0,moderate,0
Washington DC,Analytic Recruiting,Leading Financial Services company seeking a Statistician focused on predictive analytics to join their Advanced Analytic Services team that consults to,"Statistician, Predictive Analytics",120000.0,moderate,0
Washington DC,Department Of Commerce,"The ISD manages and maintains all operating system software, virtualization, utilities, servers, storage, backup processes, data recovery, voice, video, and...",Supervisory IT Specialist - DE,125221.0,high,1
Washington DC,Department Of Health And Human Services,"CIT also provides bioinformatics support through its scientists, engineers, and mathematicians. Oversee and direct activities necessary for developing the...",Supervisory IT Specialist (APPSW)-CIT-DE,125221.0,high,1
Washington DC,Workbridge Associates,"In this fast paced environment with minimal supervision, your role will be 90% new development using Scala on the Play framework, working on a multi-disciplined...","Software & Data Engineer - Scala, Spark",110000.0,moderate,0
Washington DC,U.S. Federal Government,"Collects system performance data. In this position, you will serve as a Computer Scientist with Systems Engineering Branch (IAS), Architecture & Technology...",Computer Scientist,144191.0,high,1
Washington DC,Centers for Disease Control and Prevention,"BASIC QUALIFICATION REQUIREMENT FOR HEALTH SCIENTIST, GS-0601-15:. As a Health Scientist or Statistician (Health), you will:....",Interdisciplinary Health Scientist/Statistician (Health),144191.0,high,1
Washington DC,Select Source Solutions,"We work in small, multi-disciplined teams of product managers, hardware engineers, data engineers, data scientists, application engineers, and devops...",Software Developer (Big Data),127500.0,high,1
Washington DC,Department Of Veterans Affairs,Scientists to serve on peer review committees; And identifying and recruiting scientists to serve on peer. Identifies and recruits VA and non-VA scientists to...,HEALTH SCIENCE OFFICER,116850.0,moderate,0
Washington DC,Department Of Labor,Analyzes data obtained in laboratory studies and field tests designed to investigate survey concepts. The results and findings of research projects may be used...,Research Statistician,98642.0,moderate,0
Washington DC,"ADNET Systems, Inc.",Experience working with Earth Science data and metadata. Experience with metadata curation and/or authoring for scientific data....,Outreach Coordinator,45000.0,moderate,0
Washington DC,National Geospatial-Intelligence Agency,"Conduct data mining and retrieval on large volumes of data. NGA is seeking an intellectually curious, innovative Data Scientist to serve on multi-disciplinary...",GEOINT Analyst (Data Science),89556.0,moderate,0
Washington DC,Department Of The Interior,"The Fish and Wildlife Service employs world-class scientists and other professionals who are also addressing climate change, the greatest environmental and...",Senior Executive Service - Assistant Director for Science Ap...,161297.0,high,1
Washington DC,National Security Agency,"Exploit, fuse and use data and data sources. Applied statistics, calculus, quantitative or statistical methods and techniques, data mining, informatics, data...",Data Scientist,75091.5,moderate,0
Washington DC,Department Of Homeland Security,"Cross-reference USCIS data, create data product for use by agency data. Providing tools and support for analysis of data while overseeing OIT's data....",IT PROGRAM MANAGER,144191.0,high,1
Washington DC,National Geospatial-Intelligence Agency,"Experience applying knowledge and quickly developing new knowledge of emerging technologies regarding open source (i.e., social media, deep web searches, big...",GEOINT Analyst (Open Source Research),89556.0,moderate,0
Washington DC,U.S. Federal Government,Establishing and maintaining collaborative relationships with world-class scientists to exchange ideas and information and promote cooperative activities....,"DIRECTOR, NATIONAL CENTER FOR ENVIRONMENTAL ASSESSMENT",205150.0,high,1
Washington DC,Jobspring Partners,Big Data tools:. This Data Scientist will be working alongside the Director of Analytics as well as the CTO....,Data Scientist,115000.0,moderate,0
Washington DC,U.S. Federal Government,"Prepares and disseminates a variety of informational documents which may include data on progress being made toward NSF goals, trends and opportunities papers,...",Physical Science Administrator (Program Director),144731.0,high,1
Washington DC,Department Of Commerce,Analyze the accuracy and validity of statistical data. Recommend improvements to the collection and analysis of statistical data....,Mathematical Statistician,70565.5,moderate,0
Washington DC,Department Of Health And Human Services,"Based data collections; Scientists and management officials. The data collected, review contract deliverable and provides professional....","Mathematical Statistician, GS-1529-13",105969.5,moderate,0
Washington DC,Analytic Recruiting,Develops statistical analysis and statistical programming to support data analysis for clients. Statistician or Biostatistician sought by service provider for...,Statistician,112500.0,moderate,0
Washington DC,Department Of Health And Human Services,"In order to qualify for Health Scientist, GS-0601-12/13 , you must meet the following:. Design and implement scientific surveys/studies, analyzes study data and...",Health Scientist,98642.0,moderate,0
Washington DC,"Worldwide Staffing Exchange, LLC",Enter Forensic Data into a Database:. Perform tests and analyses under the direction of forensic scientists....,Forensic Lab Technician,50000.0,moderate,0
Washington DC,"Zachary Piper, LLC","Zachary Piper is currently looking for a Cyber Research Analyst to support an advanced-computing company in Arlington, VA. The Cyber Research Analyst will be",Cyber Research Analyst,145000.0,high,1
Washington DC,ResourceHunt Group,Strong experience with Big data distributed technologies. Integrate prototypes of data models into the production environment....,Data Scientist,100000.0,moderate,0
Washington DC,Department Of Commerce,"Experience for this position includes assisting with experimental design, data analysis, sampling, forecasting, quality control, and operations research;...","Survey Statistician, GG-1530-07/09/11/12, Census-DE-AC",72210.0,moderate,0
Washington DC,Department Of The Interior,"The Scientist Emeritus Program; Evaluation, Review, and Recognition- Administers the Research Grade and Evaluation process for 1500 research scientists across...","Director, Office of Science Quality and Integrity (DEU)",154137.5,high,1
Washington DC,Department of Defense,"Providing technical advice on solutions to meet data management requirements. Ensuring the confidentiality, integrity, and availability of systems, networks,...",INFORMATION TECHNOLOGY SPECIALIST (INFOSEC),125221.0,high,1
Washington DC,Department Of Commerce,"Reviews, analyzes, and validates financial and statistical data; Examines internal control systems to ensure that systems provide for the integrity, accuracy,...",Accountant (DE),105969.5,moderate,0
Washington DC,Central Intelligence Agency,"If you have experience in data analytics, computer science, mathematics, statistics, economics, operations research, computational social science, quantitative...",Data Scientist,111319.0,moderate,0
Washington DC,National Geospatial-Intelligence Agency,"IP geo-location, geo-inferencing, spatial temporal data mining, trajectory mining, time-series analysis, defensive operations, data stream mining, net sensors...",Supv R & D Manager,144191.0,high,1
Washington DC,Workbridge Associates,The Data Scientist will be working on various products; A leader in data mining and predictive analytics is looking for a Senior Data Scientist to join their...,Senior Data Scientist,145000.0,high,1
Washington DC,Request Technology,"Prestigious Enterprise Company is currently seeking a Data Scientist. Use techniques from statistics, machine learning, and other data sciences to estimate...",Data Scientist,120000.0,moderate,0
Washington DC,Selby Jennings,Senior Data Scientist. An award-winning advertising company in the DC area is looking for several Senior Data Scientists to join their team....,Senior Data Scientist,170000.0,high,1
Washington DC,Department of Defense,"Forces to communicate globally through voice, video, and data transmission. The computer scientist develops new and improved concepts, principles, and...",Pathways Recent Graduate Computer Scientist,54351.5,moderate,0
Washington DC,Department Of Commerce,Ensuring the accuracy of measurements that data represent; Providing database management on large data sets for analysis using statistical signature packages (e...,Economist,92222.0,moderate,0
Washington DC,Department Of Health And Human Services,"Research, data gathering, and decision analysis; Literature, special research reports and pertinent data. Become a part of the Department that touches the lives...",Health Scientist (Radiological Health),105969.5,moderate,0
Washington DC,Department of the Army,Data export methods to meet requirements of research scientists. Develop data upload templates to move laboratory data into the....,Information Management Specialist,116850.0,moderate,0
Washington DC,Department Of Health And Human Services,"Research and data analysis on health care programs; And (3) utilizing data analysis tools, such as SAS, SPSS,....",Social Science Research Analyst,105969.5,moderate,0
Washington DC,U.S. Department of Labor,Economic Statistical Data Management and Analysis. Analyzes data obtained in laboratory studies and field tests designed to investigate survey concepts....,Research Statistician,98642.0,moderate,0
Washington DC,All-In Analytics,"Analytics, data modeling, ETL, data analysis, dashboards, Big Data, Hadoop, Hive, Hbase, Pig, Oozie, SAS, SQL, Java, XML, JSON, data warehousing, data...",Data Scientist,115000.0,moderate,0
Washington DC,Department Of Commerce,"Makes well-informed, effective, and timely decisions, even when data are limited or solutions produce unpleasant consequences;...",Supervisory IT Specialist (OS/SYSADMIN) - DE,125221.0,high,1
Washington DC,Department Of The Interior,Develop special data sets useful to conserve and manage migratory birds. Responsible for quality assurance and quality control of band and band encounter data....,Biologist GS-0401-11/12 (DEU - PERM - MW),82693.0,moderate,0
Washington DC,Department Of Commerce,"Analyzes cost and performance data. Skill Set 1 – Job experience analyzing cost and performance data; The USPTO is headquartered in Alexandria, Virginia, and...",Administrative Officer - DE,105969.5,moderate,0
Washington DC,Jobspring Partners,Big Data tools:. This Data Scientist will be working alongside the Director of Analytics as well as the CTO....,Senior/Lead Data Scientist,175000.0,high,1
Washington DC,Jobspring Partners,Big Data tools:. This Data Scientist will be working alongside the Director of Analytics as well as the CTO....,Senior Data Scientist,160000.0,high,1
Washington DC,Request Technology,"Use techniques from statistics, machine learning, and other data sciences to estimate predictive models from numeric, categorical, textual, geographic, and...",Data Scientist Professional,115000.0,moderate,0
Washington DC,Department Of Energy,"In addition, the Office of Science sponsors a range of science education initiatives through its Workforce Development for Teachers and Scientists program....",Supervisory Grants and Contracts Analyst,144191.0,high,1
Washington DC,Department Of Commerce,"Develops and administers data management systems that allow for the storage, query and utilization of data. Serves as a senior IT Specialist (Data Scientist)...",IT Specialist (ENTARCH) - Data Scientist - DE,125221.0,high,1
Washington DC,Department Of Energy,"Develop budgets and creates resource plans to manage ongoing operations, develop and improve data publications and produce analytic studies....",Interdisciplinary Supervisory Economist/Operations Research...,144191.0,high,1
Washington DC,Department of the Navy,"Collecting, computing and analyzing data. Malfunction, deviations in defected data and its cause. With world-renowned scientists and engineers in any one of the...",DON PATHWAYS INTERNSHIP PROGRAM (MATHEMATICIAN STUDENT TRAIN...,55913.0,moderate,0
Washington DC,Principal Recruiting Group,"We work in small, multi-disciplined teams of product managers, hardware engineers, data engineers, data scientists, application engineers, and devops...",Software Engineer,145000.0,high,1
Washington DC,University of Maryland,"Familiarity with LIMS , lab e-notebooks, and basic data management and reporting are also highly desirable. Collaboration with bioengineering and microfluidics...",Laboratory Technician,44000.0,moderate,0
Washington DC,Department Of Commerce,"Maintains EA data and models; Addresses and resolves EA data validation findings. Waterfall and/or Agile/Scrum), JavaScript, XML, data analytics and reporting...",IT Specialist (ENTARCH) - DE,105969.5,moderate,0
Washington DC,Department Of Health And Human Services,"In order to qualify for the Interdisciplinary Scientist. Investigational data, reports, submissions, or response information in order to....","Interdisciplinary Scientist, GS-0401/0403/0415/1320-12/13",98642.0,moderate,0
Washington DC,Department Of Commerce,Converts existing project Data Models into USPTO approved Data Modeling Tool. This position serves as a skilled Data Architect in the Enterprise Data...,IT Specialist (DATAMGT) - DE,105969.5,moderate,0
Washington DC,Department Of Commerce,"Makes well-informed, effective, and timely decisions, even when data are limited or solutions produce unpleasant consequences;...",Supervisory IT Specialist (NETWORK) - DE,144191.0,high,1
Washington DC,Centers for Disease Control and Prevention,Analyze scientific investigation data. As a Health Scientist you will :. This announcement is being used to create an inventory of applicants for Health...,Health Scientist,117437.5,moderate,0
Washington DC,Department Of Health And Human Services,Reviewing and evaluating scientific data to determine its completeness or accuracy; Assisting in the review and evaluation of scientific data to determine its...,Interdisciplinary Engineer,69855.0,moderate,0
Washington DC,Department Of Health And Human Services,"Social Scientist, 0101-13 :. In order to qualify for the Social Scientist,. As a Social Scientist, 0101-13 you will perform the following duties:....","Social Scientist, GS-0101-13",105969.5,moderate,0
Washington DC,Prince George's Community College,"Two years of full-time equated experience in data analysis of large data sets, preferably longitudinal data sets....","Research Analyst, Institutional Research and Reporting - 6-1...",62010.0,moderate,0
Washington DC,Department Of Commerce,"The Office maintains the USPTO data center facilities, production hardware, and telecommunications infrastructure....",Information Technology Specialist (OS/SYSADMIN) - DE,125221.0,high,1
Washington DC,U.S. Federal Government,"Increases access to program-level post-award outcome data to support decision-making and evaluation designs through stronger data analytics, business...",Program Director,144731.0,high,1
Washington DC,University of Maryland,And analyzing data. The role of this position involves defining the ecdysteroidogenesis pathway using molecular biology and transcriptomic data analysis and NMR...,Post-Doctoral Scientist,42500.0,moderate,0
Washington DC,Department Of Commerce,"Analyzes accident and illness data and job hazards to identify training needs; The USPTO is headquartered in Alexandria, Virginia, and has over 12,000 employees...",Safety and Occupational Health Manager,125221.0,high,1
Washington DC,Department of Defense,Prepare outstanding scientists and health care practitioners for careers in. Databases and spreadsheet software to enter and retrieve data. About the Agency....,PROGRAM SUPPORT ASSISTANT (OA),45206.5,moderate,0
Washington DC,Department Of Health And Human Services,"As an Animal Welfare Policy Scientist, some of your duties and responsibilities will include, but are not limited to the following:....",Animal Welfare Policy Scientist - OD - DE,105969.5,moderate,0
Washington DC,Department Of Commerce,"(2) analyzing the data; Polarized light microscopy, Rietveld analysis of x-ray powder diffraction data, and wet chemistry experience as applied to rocks,...",Physical Scientist ZP-IV (equivalent GS-13/14),116850.0,moderate,0
Washington DC,Deployment Staffing,Experience with implementing expert systems/artificial intelligence and data mining techniques. The Data Scientist/Java Analytic Developer will be in charge of...,Data Scientist/Java Analytic Developer - DOD,100000.0,moderate,0
Washington DC,Department Of Education,(4) analyze data and synthesize information from education research and related areas; Education Research Scientist requires demonstration of strong research...,"Education Research Scientist/Analyst, AD-1730-00",107500.0,moderate,0
Washington DC,Department Of Health And Human Services,"Requirements related to medical data. As a Computer Scientist, you will:. Available software packages for master data management, workflow integration and/or...","Computer Scientist, GS-1550-13-DE",105969.5,moderate,0
Washington DC,Department of the Navy,"Collecting, computing and analyzing data. Conducting observations and documenting findings of instrument malfunction, deviations in defected data and its cause....",DON Pathways Internship Program (Mechanical Engineer Student...,55913.0,moderate,0
Washington DC,Department of Defense,"IP geo-location, geo-inferencing, spatial temporal data mining, trajectory mining, time-series analysis, defensive operations, data stream mining, net sensors...",Supervisory R & D Manager,144191.0,high,1
Washington DC,Department Of Education,(4) analyze data and synthesize information from education research and related areas; Associate Research Scientist must have experience conducting research in...,"Associate Education Research Scientist/Analyst, AD-1730-00",77500.0,moderate,0
Washington DC,Laguna Source,"Work closely with upstream and downstream scientists within Process Development to deliver robust, scalable processes....",Statistician - Process Development - Design of Experiments,75000.0,moderate,0
Chicago,Workbridge Associates,"Data, Analytics, Scientist, Science, Python, R, SAS, SQL, Hadoop, Tableau, Analysis, Healthcare, Hospital, University, Career, Job, Chicago, IL,....",Mid-Level Data Scientist,105000.0,moderate,0
Chicago,Etech Hi Inc.,Create annual/quarterly reports to monitor data quality and provide descriptive reports on datasets. Provide statistical consulting for the development and...,Statistician,71000.0,moderate,0
Chicago,Etech Hi Inc.,"Experience with medical or clinical data is a plus. Oversee all program analytics including risk adjusted benchmark reports, external data validation,...",Sr. Statistician,85000.0,moderate,0
Chicago,Seeking Alpha Search International,"Working with data validation members and information technology professionals to determine model data integrity. Seeking Alpha Search International, Inc....",QUANTITATIVE MODEL VALIDATION ANALYST,155000.0,high,1
Chicago,Workbridge Associates,Big data with Hadoop is a plus. A well-respected healthcare corporation that spun off of a major hospital and university is hiring for a Mid-Level Data...,Data Scientist,95000.0,moderate,0
Chicago,Hirewell,"Data manipulation with SQL systems. Manipulate and analyze complex, high-volume, high-dimensionality data from varying sources using a variety of tools and data...",Data Scientist,125000.0,high,1
Chicago,Smith Hanley Associates,Analyze and mine large data sets as well as perform data management and data visualization tasks. Partner with cross-functional teams and drive data driven...,Statistical Analyst,55000.0,moderate,0
Chicago,Workbridge Associates,A startup located right downtown that helps analyze consumer shopping trends and data is looking for a Senior Data Scientist to join a growing team....,Senior Data Scientist,140000.0,high,1
Chicago,Smith Hanley Associates,Experience working with syndicated data and POS data as well as providing BI solutions in a business environment....,(Sr.) Statistical Consultant,175000.0,high,1
Chicago,CREhire.com,Categorical Data Analysis. Statistical Analysis / Data Science:. Identifies and independently resolves data issues (such as missing values and invalid data)....,Principal Statistical Analyst / Data Scientist,138300.0,high,1
Chicago,Analytic Recruiting,"Crafting the methodology, to data modeling using tools like SAS / R, and ultimately delivering final insightful recommendations....",Predictive Modeling Director,120000.0,moderate,0
Chicago,NJF Search,Looking for a Research Scientist with a background in Statistical Machine Learning and Bayesian inference to join a high frequency proprietary trading firm in...,"Quantitative Researcher, Machine Learning & Bayesian inferen...",200000.0,high,1
Chicago,Workbridge Associates,A brand new startup moving its headquarters right downtown is looking for a Lead Data Scientist to join their team....,Lead Data Scientist,160000.0,high,1
Chicago,North shore Staffing Group,Business Data Analyst – Mobile Devices to join their Data Sciences team. Works with data scientist and technology team to identify device-related parameters and...,Business Data Analyst,95000.0,moderate,0
Chicago,Workbridge Associates,"Hadoop/Hive/Pig Big data Experience. A non-profit research and development organization in Des Plaines which develops, demonstrates, and licenses new energy...","Senior Data Scientist (Python, R) in Des Plaines",120000.0,moderate,0
Chicago,Workbridge Associates,They need someone with the experience to be hands-on with their data and analytical tools as well as manage and mentor a small team of more junior data...,"Manager of Data Science (Python, R)",185000.0,high,1
Chicago,Workbridge Associates,This agile team will create and develop new solutions to help efficiently analyze and interpret massive data streams as the work itself lives in the continuous...,Senior Java Computer Scientist,130000.0,high,1
Chicago,Analytic Recruiting,Take analytical objectives and define data requirements. Analytics Firm seeking a Data Scientist to consult to clients and implement advanced statistical and...,Lead Data Scientist,140000.0,high,1
Chicago,Smith Hanley Associates,"Statistical Analyst/Data Scientist. Extract, clean, and transform customer data for analysis and reporting....",Data Scientist,90000.0,moderate,0
Chicago,3coast,"Uses sensory data in new product development efforts, when appropriate. Demonstrates strong data evaluation skills with a working knowledge of statistics;...",Product Development Specialist - Food R&D,90000.0,moderate,0
Chicago,Food Management Search,"Data, drawing conclusions, documenting,. A technical leadership role providing direction....",Food Scientist MS or PhD - Meat Products,85000.0,moderate,0
Chicago,Jobspring Partners,"Data, data science, data engineer, linux, unix, AWS, python, Python analyst, analyst, R, R programing, ETL, Big data, Spark, SQL, Pentaho, Java, Scala, Data...",Data Scientist,110000.0,moderate,0
Chicago,Workbridge Associates,"A major healthcare insurance corporation has been building out a new Data Analytics team in their Chicago office, and they are looking to add a Principal Data...",Principal Data Scientist,165000.0,high,1
Chicago,Modis,"SQL background to extract data. Producing formal reports to collect data on monthly, quarterly and annual trends....",Statistical Data Analyst // Exciting Long-term Contract in N...,50000.0,moderate,0
Chicago,NJF Search,"Each team has trading strats (TS) who are a mix between data scientist, programmer and trader. _Head-quartered in Chicago and with an office in San Francisco...",High Frequency Strategy Engineer,170000.0,high,1
Chicago,Hirewell,Bring structure to large quantities of data - turn unstructured data into structured data. Data Extraction Tools:....,Data Scientist -Fitness/Wellness Firm,120000.0,moderate,0
Chicago,Clinical Management Consultants,"Manager Health Information Management Data Analysis HIM Job in Chicago IL. Manager Health Information Management, Manager HIM, Manager Coding, Manager Data...",Manager Health Information Management Data Analysis HIM,82329.0,moderate,0
Chicago,Workbridge Associates,This is a great opportunity to join a team of passionate computer and data scientists and play an instrumental role in continuing their data evolution....,Lead Data Engineer,132500.0,high,1
Chicago,Jobspring Partners,"Data, Engineer, Scientist, Big Data, Hadoop, Hive, Pig, Spark, Storm, AWS, Cloud, Java, Python, Agile, Startup, Chicago, Full-time....",Data Engineer,90000.0,moderate,0
Chicago,Workbridge Associates,Hiring for a Senior Data Scientist for a major healthcare corporation that is building out a new data analytics team in Chicago....,Senior Data Scientist (Deep Learning or NLP),130000.0,high,1
Chicago,ITStaff Technical Resources,"Working with data scientists on optimal data structures, analytics and automation of data ingestion. Be familiar with data transformation, transport, reporting,...",Technical Project Manager/Business Analyst,85000.0,moderate,0
Chicago,Workbridge Associates,"Big Data with Hadoop, Hive, Impala. Mid, Senior, Lead, Director, Data, Scientist, Science, Machine, Learning, Predictive, Analytics, Engineer, Developer, Python...",Director of Data Analytics,170000.0,high,1
Chicago,Workbridge Associates,"Big Data with Hadoop, Hive, Impala. Mid, Senior, Lead, Data, Scientist, Machine, Learning, Predictive, Analytics, Engineer, Developer, Python, R, Hadoop, Hive,...",Director of Data Science,180000.0,high,1
Chicago,Selby Jennings,"Equity Research Analyst – Biotech - Chicago, IL Selby Jennings’ client, a boutique asset management firm, is looking to add an Equity Research Analyst who","Equity Research Analyst – Biotech - Chicago, IL",137500.0,high,1
Chicago,Jobspring Partners,NET Visual Studio big data bigdata analytics distributed computing parallel data scientist Microsoft cloud SAAS C# OOP algorithms data structures design...,Mid-Level C# .NET Software Engineer,90000.0,moderate,0
San Francisco,kWh Analytics,Experience in weather data is a strong plus. A track record of spotting relevant trends in noisy data sets. Pivoting quickly from one data analysis project to...,Data Scientist,120000.0,moderate,0
San Francisco,Workbridge Associates,"Familiarity with data visualization, web analytics and modeling. 5+ years experience in machine learning and big data technologies (Hadoop or Spark preferred)....",Senior Level Data Scientist,142500.0,high,1
San Francisco,Workbridge Associates,"Experience with big data stack technologies, such as Hadoop or Spark. Strong skills in machine learning will be implemented to process and analyze this data....",Mid-Level Data Scientist,130000.0,high,1
San Francisco,MarkMonitor,"Data skills (SQL, Hive, Pig). Applying machine learning to classification problems on unstructured data. MarkMonitor&mdash;the world leader in brand protection...",Data Scientist,180000.0,high,1
San Francisco,Mines.io,We are looking for a data scientist/developer to fill a cross-functional role on our small team. We expect you to be able to work and experiment with large data...,Full-Stack Data Scientist,100000.0,moderate,0
San Francisco,Selby Jennings,"Integrate data and control APIs utilzing 3rd party biz apps. One of our largest start-up clients, a rapidly growing Bay Area startup, is looking to add an...",Business Intelligence/Data Scientist at VC Bay Area Start-up,160000.0,high,1
San Francisco,Workbridge Associates,3+ years as a Data Scientist required. FinTech start-up in the personal loan space in looking to bring on a Senior Data Scientist to add to their growing team....,Senior Data Scientist (FinTech),152500.0,high,1
San Francisco,Workbridge Associates,"There is a small team of Data Engineers and Data Scientists, and they are looking for similar-minded individuals that seek learning opportunities and a...",Mid-Level Data Engineer,135000.0,high,1
San Francisco,Workbridge Associates,A well-known San Francisco gaming company is looking to add a Senior Data Scientist to their team. They are looking for someone to build new products using...,Senior Data Scientist,165000.0,high,1
San Francisco,California State University,Compile and analyze data for written reports and presentations. Analyze data and make accurate projections using standard budgeting and accounting practices;...,"Administrative Analyst/Specialist, Exempt I - Office of Rese...",55200.0,moderate,0
San Francisco,Workbridge Associates,In this position you will share programming and mathematical challenges with fellow data scientists. A San Francisco-based retail startup is looking to bring on...,Data Scientist,165000.0,high,1
San Francisco,Smith Hanley Associates,"This person will recruit, build and lead a team of Data Scientists. Top technology firm in the Bay Area seeks a Data Scientist for a leadership role in consumer...",Data Scientist,140000.0,high,1
San Francisco,University of California Berkeley,Concepts in Computing with Data. (On reproducible and collaborative statistical data science). Introduction to Probability & Statistics for Life Scientists....,Lecturer - Statistics - Department of Statistics (includes s...,49012.0,moderate,0
San Francisco,Oakland Unified School District,"Provide training on data analysis, data systems and appropriate use of data to District staff. Data Analyst II:....","Data Analyst II (Department: Research, Assessment & Data)",84649.0,moderate,0
San Francisco,Brilent,"The Brilent team brings together deep experience in machine learning, and data science from leading edge companies to solve the growing problem of leveraging...",Senior NLP Scientist/Engineer,150000.0,high,1
San Francisco,University of California Berkeley,Demonstrated experience with programming for biological data analysis and familiarity with functional genetic and/or genomic data is expected....,Post-Doctoral Scholar-Employee: Analysis of omics data,47406.0,moderate,0
San Francisco,Engage Recruiting LLC,"The person will be working with a team of Engineers, Data Analysts and Data Scientists. Our client is seeking a Data Engineer ....",Data Engineer,145000.0,high,1
San Francisco,Workbridge Associates,"2+ years of experience in Data Scientist, Quantitative Analyst, Research Engineering, or similar role. Subscription-based retail technology platform provider...",Senior Data Scientist (Econometrics),130000.0,high,1
San Francisco,Talent Compliance Consulting Services,Strong data analysis skills including setting specifications and monitoring reagent/kit lot performance....,Quality Control Scientist,100000.0,moderate,0
San Francisco,All-In Analytics,"Fraud Data Scientist. Seeking someone with skills and experience when it comes to Business Analysis, Compliance, Fraud Analytics, Anti Money Laundering (AML),...",Fraud Data Scientist,125000.0,high,1
San Francisco,NJF Search,RESPONSIBILITIES:  Design and develop predictive models and other components of automated trading systems. REQUIREMENTS:  PhD + Industry experience,Quantitative Researcher - Statistical Machine Learning - Hed...,200000.0,high,1
San Francisco,Workbridge Associates,Industry experience working as a data scientist. New start-up in the healthcare space is seeking a Senior Data Scientist to join their team of focused and...,Senior Data Scientist (Healthcare),137500.0,high,1
San Francisco,Brilent,"Perform large-scale data analysis, find interesting patterns and translate them into product improvements. We are building the next-generation, big data talent...",Senior Data Scientist,130000.0,high,1
San Francisco,Corporate Labs Technology,"Natural Language Processing Brisbane, CA Sign on bonus Stocks! Up to 10% bonuses $110-180k depending on experience Fast growing social media company is",Data Scientist (Natural Language Processing),145000.0,high,1
San Francisco,Corporate Labs Technology,"Machine Learning Developer Brisbane, CA Sign on bonus Stocks! Up to 10% bonuses $110-180k depending on experience Fast growing social media company is",Data Scientist (Machine Learning),145000.0,high,1
San Francisco,HSF Consulting,"More data- they simply have more data than they know what to do with right now. About the startup- Applying disruptive data science, cognitive research, ML and...",Senior Data Scientist,160000.0,high,1
San Francisco,Workbridge Associates,The Senior Data Scientist position requires a fundamental knowledge of both computer programming and applied mathematics or statistics....,Senior Data Scientist (Autonomous Vehicle Research),170000.0,high,1
San Francisco,University of California Berkeley,Ensures accuracy and completeness of data in master files and various support tools. Should be knowledgeable about professional approaches and relevant...,"Database Administrator, GSE",74550.0,moderate,0
San Francisco,HSF Consulting,"Teams included Data Services(including data engineering and data warehouse developers), Data Operations, and Data Science. Data lead at data company:....",VP of Data Services,300000.0,high,1
San Francisco,Jobspring Partners,"Given the high volume of data collected by the company’s software, experience with non-relational databases is strongly preferred....",Python Developer (Machine Learning),162500.0,high,1
San Francisco,Smith Hanley Associates,"Manager, Data Science. Top technology firm in the Bay Area seeks a Data Scientist for a leadership role in consumer marketing....","Manager, Data Science",150000.0,high,1
San Francisco,3coast,VP - Predictive Modeling / Data Scientist. Handle missing data through an algorithmic approach such as multiple imputations to enable insights in sparse and...,VP - Predictive Modeling / Data Scientist,140000.0,high,1
San Francisco,Lighthouse Recruiting,"Join our Medical Laboratory Scientists Groups:. Manage, cross-check, record, and update data from a variety of sources....",Billing Specialist,85000.0,moderate,0
San Francisco,Workbridge Associates,The role will be working on technology that provides API endpoints to gather data. A leading San Francisco-based company in the fin-tech space is looking for an...,"Staff Engineer, Machine Learning (Scala)",180000.0,high,1
San Francisco,Workbridge Associates,"2+ years of experience in Data Scientist, Quantitative Analyst, Research Engineering, or similar role. Subscription-based retail tech startup has an opening for...",Data Scientist (Econometrics),140000.0,high,1
San Francisco,"NextGen Jane, Inc.",Scientific Researcher – Next Gen Sequencing Scientist*. Scientist will be responsible for optimization of protocols and troubleshooting difficult sample types...,Scientific Researcher,65000.0,moderate,0
San Francisco,Workbridge Associates,This group works alongside the algorithms R&D team which enables a data science modeling group of 50-60 Data Scientists....,Senior Data Engineer - Algorthms Platform (Scala),175000.0,high,1
San Francisco,LT,We have two QA engineers with three more open positions and one data scientist with more open roles. My client a leading mobile application company located in...,Erlang Engineer,180000.0,high,1
New York,AllianceBernstein,C onduct quantitative and statistical research as well as portfolio management for various investment portfolios. Collaborate with Quantitative Analysts and,AVP/Quantitative Analyst,122500.0,high,1
New York,DEPARTMENT OF SANITATION,The Data Scientist will also be provided the flexibility to experiment with his or her own ideas for improving operational insight and awareness through a data...,Computer Systems Manager I,99521.0,moderate,0
New York,Empiric Solutions,"Our client is looking for a driven and enthusiastic Data Scientist to join our fast-paced, execution-oriented Product Development team....",Data Scientist - Life Sciences,140000.0,high,1
New York,Averity,Are you a Senior Data Scientist excited about the thought of starting a Data Science group in the arts and entertainment world?...,Senior Data Scientist ($150k),150000.0,high,1
New York,Analytic Recruiting,"Prior analytics experience leading statisticians and data scientists. Crafting the methodology, to data mining/predictive modeling, and ultimately delivering...",Analytics Senior Director,195000.0,high,1
New York,Averity,"As a Market Data Engineer you will partner with a mix of portfolio teams to source and maintain data and tools for research, model implementations and reporting...",Data Engineer for $100B Manager ($200k+Benefits),175000.0,high,1
New York,Oliver James Associates,We are currently looking for an brilliant data scientist to utilize massive datasets in a leading insurance firm....,Data Scientist,185000.0,high,1
New York,City of New York,City Research Scientist. Write SQL to query data from Oracle databases. Coordinate and perform data matches with datasets from external agencies....,Predictive Risk Analyst,76941.5,moderate,0
New York,Averity,Examine and analyze data to increase alpha and decrease risk. Industry leading multi-billion dollar quant fund looking for Analysts that can drive quantitative...,Quantitative Analyst for Global Quant Fund,225000.0,high,1
New York,ingenium,"Work with Data Scientists to process video data in ways that are meaningful for our publishers. Collaborate with a talented team of other engineers, data...",Big Data Engineer,150000.0,high,1
New York,Datacom Technology Group,They will report directly to the company founders and manage other Data Scientists. Political Analytics firm looking for a full time data scientist to work out...,Data Scientist,200000.0,high,1
New York,Emerald Resource Group,You must be extremely software and data driven. Working with custom algorithms with a focus on data analytics....,Quantitative Analyst,150000.0,high,1
New York,"Research Foundation for Mental Hygiene, Inc.","The incumbent will be involved in tasks related to participant tracking, data collection, extraction, record keeping and other office-related activities....","Assistant Research Scientist I, Grade 14, Job 736895",39754.5,moderate,0
New York,Datacom Technology Group,"Should have experience conducting empirical research and working with large fundamental data sets. Will analyze and interpret relevant data, use valuation...",Quantitative Analyst (Fundamental Quant Equities) - Hedge Fu...,200000.0,high,1
New York,"Cross Commerce Media, Inc.","Computer and Information Research Scientists. Knowledge of Java, C++, compilers, Flare, JavaScript, MySQL, OpenGL, UML design & development standards, Tableau,...",Computer and Information Research Scientists,136500.0,high,1
New York,Empiric Solutions,The Data Scientist will be responsible for ensuring that our data products are of the highest quality. Develop and maintain ongoing data exploratory analyses...,Data Scientist - Digital Marketing - Technology Start-Up,140000.0,high,1
New York,Oliver James Associates,"This is an excellent opportunity for a candidate from an actuarial background with previous experience in predictive modelling, preferably with P&C experience",VP - Predictive Modeling Actuary,215000.0,high,1
New York,NYC Department of Buildings,"Translating quantitative data, research findings, and insights into compelling and informative graphic materials (e.g., charts, graphs);...","Quantitative Data Analyst, Risk Management",74903.5,moderate,0
New York,Selby Jennings,"Data Scientist Global Private Asset Management Firm Manhattan, New York, USA Circa $100,000 - $200,000 plus Bonus and Benefits Key Skills: Python, R,",Data Scientist,150000.0,high,1
New York,TalentHub Worldwide,The Data Scientist assists in creating and maintaining data infrastructure for gathering multiple sources of data into a single data hub for the generation of...,Data Scientist,105000.0,moderate,0
New York,HOUSING PRESERVATION & DVLPMNT,"Reliability and validity, sampling, primary and secondary data collection, and data management; Experience managing and manipulating administrative data;...",Technical Researcher,71619.5,moderate,0
New York,SUNY Oswego,"Image reconstruction algorithms, data analysis and software development. The Research Foundation for SUNY on behalf of the Advanced Wireless Systems Research...",Post-Doctoral Research Scientist,55000.0,moderate,0
New York,Seeking Alpha Search International,"Working with data validation members and information technology professionals to determine model data integrity. Seeking Alpha Search International, Inc....",QUANTITATIVE INVESTMENT MODEL VALIDATION ANALYST,155000.0,high,1
New York,Wade & Wendy,Programmatically adding data to and manipulating data from a graph-based database system. Gather and parse structured as well as unstructured data and organize...,Sr. Machine Learning Data Scientist,130000.0,high,1
New York,DEPT OF HEALTH/MENTAL HYGIENE,Online School Clinic Data Repository (OSCR). Develop and implement algorithms to check data for accuracy and in addition performs data cleaning and mining in...,"Data Manager, Adolescent Health Unit",75065.0,moderate,0
New York,"Environmental Conservation, Department of","Strong familiarity with water quality monitoring and assessment techniques, toxicology and toxicological research, statistical analysis and data evaluation....",Research Scientist 3 - (Water Pollution),85038.5,moderate,0
New York,GVATE,"You should also have experience communicating with website developers, software engineers and data scientist....","Marketing Specialist | SEO, PPC, Conversion Marketing",40000.0,moderate,0
New York,Technical Source,"Data analytics and modeling, data visualization, business acumen and strategy.*. The Data Scientist and Senior Managing Strategy Consultant role is in our...",Data Scientist,200000.0,high,1
New York,Access Staffing,"3+ years of experience in customer/market research or retail consulting. Strong interest in sociology, customer psychology and fashion/retail. Self-motivated","Analyst, Market Research",75000.0,moderate,0
New York,HRA/DEPT OF SOCIAL SERVICES,Availability and feasibility of data. Utilize both program and administrative data to develop report indicators that measure....,PROJECT MANAGER,75619.5,moderate,0
New York,New York State Senate,Restructure social listening data to achieve social intelligence from big data. Ability to provide data visualizations....,Data Scientist,50000.0,moderate,0
New York,Smith Hanley Associates,"As a Data Scientist, you will:. We are looking for Data Scientist to join the team in our New York City office....",Data Scientist,115000.0,moderate,0
New York,Research Foundation of The City University of New...,Extensive data are available to support reservoir hydrodynamic and water quality modeling. Work will involve collaborative efforts with an interdisciplinary...,Water Quality Modeler,61500.0,moderate,0
New York,Columbia University,Executes the field-going operations with supervising scientist. Maintains ongoing data collection for long-term remote operations....,SENIOR RESEARCH STAFF ASSISTANT,45000.0,moderate,0
New York,NJF Search,"The role will focus on data analysis, statistics and probability. The main focus is to update existing strategies, monetize alphas, measure latencies conduct...",Statistician – Trading Firm,120000.0,moderate,0
New York,POLICE DEPARTMENT,"This position will also be responsible for conducting confidential analytical work in the review, extraction, examination, and compilation of highly sensitive...","STATISTICIAN, LEVEL I",51363.0,moderate,0
New York,Averity,"Knowledge big data analysis and systems. Individual will work directly with Senior Analysts, Traders and report to trading head to leverage his/her big data and...",Junior Quantitative Analyst / Developer for $5B Hedge Fund,200000.0,high,1
New York,DEPARTMENT OF FINANCE,"Strong data analysis skills and data testing. Assisting with data cleansing, data conversion, system integrity, and system access issues....",Policy Data Analyst,74119.5,moderate,0
New York,Smith Arnold Partners,Analyze and interpret data and derive insights to answer key clients’ business questions. Expanding international research and strategy firm in seeks a Research...,Research Analyst,45000.0,moderate,0
New York,HOUSING PRESERVATION & DVLPMNT,"Reliability and validity, sampling, questionnaire design, primary data collection, weighting, and data management;...",Survey Methodologist,83500.0,moderate,0
New York,DEPT OF HEALTH/MENTAL HYGIENE,"Utilize statistical tools to analyze data and manage data requests (Hub data, MasterBank, Salient data, Survey data and etc.)....","Project Manager, Bureau of Primary Care Information Project",66953.5,moderate,0
New York,Univision communications inc,"Infographics, visual data representation skills a plus. Comfortable working with large data files and cross tabs....","Analyst, Strategy & Insights – Custom Research",55000.0,moderate,0
New York,Workbridge Associates,The ideal candidate will join the Data team and assist in building and maintaining the data pipeline that drives the application....,Machine Learning Data Engineer,150000.0,high,1
New York,Research Foundation of The City University of New...,Collect data through field research exercises; Conduct intensive data analysis to inform implementation of the National Network’s crime reduction strategies;...,Research Analyst,52500.0,moderate,0
New York,Smart Host,"We’re looking for a brilliant data scientist who codes to found our data team. As our data scientist, you’ll develop a nascent data model and pricing algorithm...",Data Scientist (Lead),75000.0,moderate,0
New York,ADMIN FOR CHILDREN'S SVCS,"Two years as a City Research Scientist Level I can be substituted for the experience required in ""1"" and ""2"" above....",Director of Qualitative Review & Evaluation Unit,97866.5,moderate,0
New York,"Research Foundation for Mental Hygiene, Inc.",Manage and clean data as needed. Previous experience working with psychiatric or substance abuse data a plus....,"Research Technician III, Grade 21, Job 735195",59250.0,moderate,0
New York,Workbridge Associates,"An established gourmet food delivery start-up is looking for a Python Engineer to join a team with some of the best Data Scientists, Data Engineers, and...",Software Engineer (python),140000.0,high,1
New York,NJF Search,Demonstrated ability to conduct independent research utilizing large data sets. Apply machine learning techniques to predicting financial markets....,Machine Learning Research Scientist - Hedgefund,200000.0,high,1
New York,ingenium,We are looking to hire a results-oriented data scientist with experience in data analysis and predictive modeling....,Data Scientist - Real Time Data,150000.0,high,1
New York,Princeton Consulting,Ability to visualize and communicate data science concepts to other team members and the business. With that being said an ideal candidate should have...,Data Scientist,150000.0,high,1
New York,Averity,"We are a small team right, and we have a larger data team, including both engineers and data scientists (about 25 total), that work with us in a collaborative,...",Data Engineer (Partially Remote),100000.0,moderate,0
New York,Selby Jennings,Senior Data Scientist. Develop solutions independently as well as lead other data scientists. A leading tech advertising company is looking for Senior Data...,Senior Data Scientist,170000.0,high,1
New York,City of New York,City Research Scientist. Write SQL to query data from Oracle databases. Perform statistical analyses using individual or case level data....,DYFJ Senior Analyst,76941.5,moderate,0
New York,Helix Sleep,2-5+ years of experience in a data scientist or data analyst with relatively little oversight and engineering support....,Senior Data Analyst,100000.0,moderate,0
New York,Etech Hi Inc.,"Perform data analysis and create reports based on findings. Process engineer, chemical engineer, engineer, project engineer, development engineer, engineering...",Technical Service Engineer,55000.0,moderate,0
New York,NYC Health + Hospitals,"Act as a liaison between facilities, Case Management, Network Relations and Quality Management in the dissemination of member data....",Healthcare Research Analyst,51165.0,moderate,0
New York,AreteX Engineering,"Candidates with experience in the analysis of experimental data derived from---but not limited to---auditory/visual/cross-sensory psychophysical, EEG, ECG, and...",NSF-Sponsored Postdoctoral Fellow: EEG Analysis,75000.0,moderate,0
New York,ADMIN FOR CHILDREN'S SVCS,Write SQL to query data from Oracle databases. Coordinate and perform data matches with datasets from external agencies....,Predictive Risk Analyst,76941.5,moderate,0
New York,Laguna Source,Troubleshooting of process related problems at manufacturing scale through the effective design of scale-down studies and the evaluation of data from...,Senior Scientist - Upstream Processes - Biologics Manufactur...,100000.0,moderate,0
New York,Averity,"As a Big Data Analytics Engineer, you will work with a team of data engineers and data scientists in our new and growing data team to maintain out company's...",Big Data Engineer/ ETL Developer for a Global Education Prov...,95000.0,moderate,0
New York,SUNY ESF,This position will work closely with the New York State Department of Environmental Conservation (DEC) Bureau of Wildlife (BOW) staff and will function as the...,Research Scientist,50000.0,moderate,0
New York,Research Foundation of The City University of New...,Passion for working with students from diverse backgrounds and for training the next generation of NYC’s top computer scientists....,Career Coach,45000.0,moderate,0
New York,Infinity Consulting Solutions,"An ability to translate and communicate complex data issues succinctly and with clarity to ensure understanding by management, clients or data scientists....",Data Administrator,65000.0,moderate,0
New York,Averity,We are looking for a Senior Data Scientist to lead and grow our company's newly formed Data Science team. As a Senior/ Lead Data Scientist you will be leading...,Senior/ Lead Data Scientist for Digital Media Company,200000.0,high,1
New York,DEPT OF ENVIRONMENT PROTECTION,"Two years as a City Research Scientist Level I can be substituted for the experience required in ""1"" and ""2"" above....",EH S Compliance Specialist,64055.5,moderate,0
New York,Green Key Resources,"Analyze trading data in order to increase profitability, decrease risk, and reduce transaction costs. 0 to 5 years of relevant work experience....",Quantitative Analyst,110000.0,moderate,0
New York,Averity,This is an amazing opportunity for a Senior Data Scientist to move into a client-facing role. We are looking for Senior Data Scientist with Anti-Money...,Data Scientist (AML Experience),152500.0,high,1
New York,Averity,"ContactMichael Pachella (michael.pachella@averityteam.com)Quantitative Analyst, Research, Modeling, Data Science....",Quantitative Analyst (Big Data Focus) at $10+ Billion Hedge...,250000.0,high,1
New York,DEPT OF ENVIRONMENT PROTECTION,"Evaluate methods, procedures and data obtained from scientific investigation. Assemble data and write reports on the result of analyses....",Process Control Coordinator,88331.0,moderate,0
New York,Hire Solutions Inc.,"We are looking for data scientist, NLP specialist, etc. Understand business requirements for management data and services....",JR. Full Stack Developer,200000.0,high,1
New York,Selby Jennings,Data Scientist/Data Engineer. A well established hedge fund in New York City is looking to bring on a talented data scientist to their data team....,Data Scientist Hedge Fund New York,157500.0,high,1
New York,Analytic Recruiting,Market Research Analyst (reports to SVP) needed by international custom market research firm to manage the execution and analysis of custom market research,Market Research Analyst,65000.0,moderate,0
New York,Workbridge Associates,"The current team consists of 3 junior Data Scientists, 1 mid level Data Scientist, along with the VP. They are hiring for a Senior Data Scientist / Tech Lead to...",Senior Data Scientist,145000.0,high,1
New York,Health Research Incorporated,"The incumbent will also assist senior research scientists with additional responsibilities as assigned. Assisting in sample and solution preparation, daily...",Assistant Research Scientist,42416.0,moderate,0
New York,Analytic Recruiting,"Statisticians, research and lead purchase of desired software, introduce new technologies such as big data etc....",Director of Predictive Analytics (Statistician),150000.0,high,1
New York,Averity,We are a top-tier asset manager looking for a Quant Scientist (Quantitative Developer / Data Scientist) to work on one of our leading portfolio teams in our...,Quantitative Data Scientist - Large Asset Manager,225000.0,high,1
New York,3coast,VP - Predictive Modeling / Data Scientist. Handle missing data through an algorithmic approach such as multiple imputations to enable insights in sparse and...,VP - Predictive Modeling / Data Scientist,140000.0,high,1
New York,DEPT OF HEALTH/MENTAL HYGIENE,"Develop new surveillance and data analysis methods. Two years as a City Research Scientist Level I can be substituted for the experience required in ""1"" and ""2""...","Senior Epidemiologist, Bureau Systems Strengthening and Acce...",91602.0,moderate,0
New York,ADMIN FOR CHILDREN'S SVCS,Write SQL to query data from Oracle databases. Coordinate and perform data matches with datasets from external agencies....,Child Welfare Analyst,76941.5,moderate,0
New York,DEPT OF HEALTH/MENTAL HYGIENE,"Provide support to field staff in managing scheduling and inspectional data. Manage and develop unique data-sets linking disparate sources of environmental,...","Data Analyst, Bureau of Environmental Sciences and Engineeri...",66953.5,moderate,0
New York,Lighthouse Recruiting,"Reviews drug confirmation data from the laboratory, compares with the initial screening data for accuracy and release the results....",Certifying Scientist / Toxicologist,67500.0,moderate,0
New York,Culver Careers,"General knowledge of Big Data, Data Warehousing and/or RDBMS. Big Data Hadoop Solutions. Experience selling solutions revolving around Big Data, Hadoop and/or...",Account Executive - Big Data Hadoop Solutions,140000.0,high,1
New York,Selby Jennings,"Build and architect data stores and data pipelines specific for data science needs. Comfortable working with large data sets, Hadoop and various clusters....",Machine Learning/Data Engineer @ NYC Start-up,152500.0,high,1
New York,The Big Game Hunter,O Handle missing data through an algorithmic approach such as multiple imputations to enable insights in sparse and messy data....,Predictive Analytics Professionals-- ROAD WARRIORS,140000.0,high,1
New York,Atrium Staffing,"Scientist needs a Masters or Ph.D.in chemistry or closely related field. Scientist assists in the development of novel compounds by HPLC, release studies, and...",SR. SCIENTIST,75000.0,moderate,0
New York,"Health, Department of","Additional duties will include development and validation of new tests, viral sequencing, data analysis, reporting of results and general laboratory...",Assistant Research Scientist (G14) (Virology) - 34114,47799.5,moderate,0
New York,DEPARTMENT OF SANITATION,The Data Scientist will also be provided the Flexibility to experiment with his or her own ideas for improving operational insight and awareness through a data...,"Computer System Manager, Level I",99521.0,moderate,0
New York,DEPT OF HEALTH/MENTAL HYGIENE,"-Use SAS, including merge statements, macros and SQL, to manipulate and clean data and create analytic data sets....","Junior Research Analyst, Family and Child Health Administrat...",64055.5,moderate,0
New York,Health Research Incorporated,"And reporting data collected to the Centers for Disease Control and Prevention (CDC). Under the supervision of a Research Scientist IV, the incumbent will be...",Research Scientist II,66244.0,moderate,0
Minneapolis,Department Of The Interior,"Data collection tools; Identify precise operational definitions of the data elements, data sources, and reporting formats for various performance management and...","Education Research Analyst, GS-1730-13",103014.0,moderate,0
Minneapolis,"Ramsey County, MN","Identify valuations that require data review or revision; Develop and analyzes data and satisfaction survey, including constructing questionnaires, collecting...",Research & Statistical Analyst- CAMA,76856.5,moderate,0
Minneapolis,University of Minnesota,"Computer data entry,. We educate general dentists and dental specialists, dental therapists, dental hygienists, dental educators and research scientists....",Patient Accounts Coordinator,43014.5,moderate,0
Minneapolis,University of Minnesota,"Experience using data look-up and data entry functions on a mainframe or PC based computer system. We educate general dentists and dental specialists, dental...",Front Desk Scheduling Coordinator,38054.0,moderate,0
Minneapolis,Search Leaders,"Proficient with Python and data science libraries. This position will work closely with engineering, product management, and business teams to measure, analyze,...",Machine Learning Engineer,110000.0,moderate,0
Los Angeles,Los Angeles County Department of Human Resources,"An in-person proctored written test measuring written expression, data analysis & decision-making/mathematics, and reading comprehension....",HUMAN RESOURCES ANALYST IV - Test Research,101654.5,moderate,0
Los Angeles,Los Angeles County Human Resources,Devises data processing procedures that make use of high speed computers and works with computer personnel in the programming and processing of data.Prepares...,"RESEARCH ANALYST III, BEHAVIORAL SCIENCES",77436.5,moderate,0
Los Angeles,Los Angeles County Department of Human Resources,Devises data processing procedures that make use of high speed computers and work with computer personnel in the programming and processing of data....,"RESEARCH ANALYST III, BEHAVIORAL SCIENCES",77436.5,moderate,0
Los Angeles,Soho Apparel Group Inc.,"Devise and evaluate methods and procedures for collecting data, such as surveys, opinion polls, or questionnaires, or arrange to obtain existing data....",Market Research Analyst,39354.0,moderate,0
Los Angeles,Los Angeles County Department of Human Resources,Develops and documents the backup procedure to assure a continuing flow of essential laboratory data in case breakdown of data systems....,"MEDICAL TECHNOLOGIST, DATA SYSTEMS",86180.0,moderate,0
Los Angeles,Department of the Army,"Work that involves conducting analysis, gathering data, and reviewing a variety of narrative and/or statistical data to prepare reports....",Realty Specialist,51392.5,moderate,0
Los Angeles,Department Of Commerce,"Selecting and applying advanced statistical analysis to socio/economic or demographic data, and developing professional papers or reports on such data;...",Statistician,81534.0,moderate,0
Los Angeles,Commercial Cleaning Systems,Make recommendations based on data analysis. Review sales history data and analyze/compare with current market research....,Market Research Analyst,55000.0,moderate,0
Los Angeles,Los Angeles County Human Resources,"Interviews, observes, and collects data from subject matter experts to conduct job analysis and produce technical documentation specifying critical job duties...",HUMAN RESOURCES ANALYST IV - Test Research,101654.5,moderate,0
Los Angeles,"Exact Staff, Inc.","Current California Clinical Laboratory Scientist license. Maintains accurate department records, reports and statistical data as required....",Clinical Laboratory Scientist (CLS),90000.0,moderate,0
Los Angeles,Futuretech Staffing,Evaluates stability data and makes appropriate adjustments based on data. Ability to generate and analyze data to drive correct decision making....,Scientist II - Tea (must have tea experience),110000.0,moderate,0
Los Angeles,Lighthouse Recruiting,Join our Medical Laboratory Scientists Groups:. Testify in legal proceedings regarding analysis and interpretation of toxicological analytical data performed on...,"Laboratory Director, Toxicology",170000.0,high,1
Los Angeles,Futuretech Staffing,Evaluates stability data and makes appropriate adjustments based on data. Ability to generate and analyze data to drive correct decision making....,Scientist - Tea,110000.0,moderate,0
Los Angeles,Analytic Recruiting,"Strong understanding of market research data, ability to mine data to pull insights. Ability to use v-lookup, to transpose data)....",Market Research Analyst,60000.0,moderate,0
Los Angeles,Lawrence Harvey,Currently they are looking for a Data Scientist. This role will grow into the lead data scientist candidate will be a manager and leader of application...,Data Scientist,95000.0,moderate,0
Los Angeles,Lighthouse Recruiting,"Join our Medical Laboratory Scientists Groups:. QC all testing results to ensure data accuracy. A mid-sized but growing urine toxicology laboratory in Pasadena,...",Molecular Laboratory Manager,140000.0,high,1
Los Angeles,Futuretech Staffing,"The *Principal Scientist*. Additionally, the *Principal Scientist*. Ability to expertly generate and analyze data quickly....",Principal Scientist - Food Science - Protein,150000.0,high,1
Los Angeles,LT,We have four QA engineers with three more open positions and two data scientists with more open roles. My client a leading mobile application company located in...,Java Developer,200000.0,high,1
Los Angeles,Futuretech Staffing,Evaluates stability data and makes appropriate adjustments based on data. Ability to generate and analyze data to drive correct decision making....,Scientist for Tea Formulation,120000.0,moderate,0
Los Angeles,Lighthouse Recruiting,"Join our Medical Laboratory Scientists Groups:. And also performing quantitative analysis, data review and certifying and releasing results....",LC/MS Clinical Laboratory Scientist,95000.0,moderate,0
Los Angeles,Jobspring Partners,"Software, developer, development, engineer, software developer, software engineer, SWD, SWE, senior, senior developer, senior software developer, OOP, object...",Senior Front-End Developer,117500.0,moderate,0
Los Angeles,LT,We have two QA engineers with three more open positions and one data scientist with more open roles. My client a leading mobile application company located in...,Mobile QA Engineer,180000.0,high,1
Los Angeles,Selby Jennings,"Equity Research Analyst The Client is a rapidly expanding Investment Advisory firm with over 50 years of service. They focus on equity recommendations,",Global Equity Research Analyst,200000.0,high,1
Los Angeles,Department of the Navy,Data in order to resolve discrepancies or verify information in records providing technical reports for briefings....,ADMINISTRATIVE SUPPORT ASSISTANT (OA),41487.5,moderate,0
Los Angeles,Selby Jennings,"Senior Equity Research Analyst The Client is a rapidly expanding Investment Advisory firm with over 50 years of service focusing on equity recommendations,",Senior Equity Research Analyst,200000.0,high,1
Denver,Department Of The Interior,"Would you like to join the more than 10,000 scientists, technicians, and support staff of the USGS who are working in more than 400 locations throughout the...","Statistician, GS-1350-12 (DEU-PERM-DS)",87792.0,moderate,0
Denver,Department Of The Interior,Investigate potential uses of geospatial data applications and develop procedures and techniques to improve or enhance the applications....,Interdisciplinary Cartographer/Geographer - GS-1370/0150-12...,85127.5,moderate,0
Denver,Mental Health Center of Denver,Advise the Data Developer with regard to creation of data tables and make other data warehouse updates needed for completion of projects....,Financial Data Scientist,75000.0,moderate,0
Denver,Denver Health,"Functions largely independently but reports to a more senior scientist. Two years of scientific research related experience, knowledge & competence with grant...",Assistant Research Scientist - RADARS,93645.0,moderate,0
Denver,Denver Public Schools,Portal managers on student outcome data reports design and validation. The Senior Research Analyst 1) facilitates student outcome data presentation in cross...,SENIOR RESEARCH ANALYST,68983.5,moderate,0
Denver,University of Colorado,Experience entering and manipulating data in a. Species of small laboratory animals which are used by scientists for research. Who we are:....,Animal Care I,27000.0,moderate,0
Denver,Department Of The Interior,Preparing graphs and data profiles; Conduct literature and data searches to locate public domain sources of technical data on mines and mineral deposits in the...,Geologist GS-1350-07/09 (DEU - TERM - JG),55733.5,moderate,0
Denver,Denver Health,"Assist research director, assistant research director and other project members in data analysis planning, analysis, and reporting....",Statistical Research Specialist,66654.0,moderate,0
Denver,Potatoes USA,Extensive knowledge and experience analyzing sales and marketing data and presenting in an effective manner....,Global Marketing Manager - Ingredient and School Foodservice,85000.0,moderate,0
Denver,Denver Health,"Assist research director, assistant research director and other project members in data analysis planning, analysis, and reporting....",Statistical Research Scientist - RADARS,66654.0,moderate,0
Denver,Fahrenheit IT,"Doing all this with an exceptional group of software engineers, data scientists, dev-ops engineers and managers....",DevOps Engineer,170000.0,high,1
Denver,DigitalGlobe,DigitalGlobe's Geospatial Big Data (GBD) initiative develops cutting edge cloud-based systems to manage its massive archive of imagery and extract information...,Platform Developer/Geospatial Big Data (Python),105000.0,moderate,0
Denver,University of Colorado,"Data as appropriate; Primarily to clinical care and clinical research, physician scientists who. And records all patient data essential to the study onto...",Professional Research Assistant - Data Manager,43500.0,moderate,0
Denver,University of Colorado,Ensures accurate data entry of tissue bank patient data and other clinical trial data as assigned. 1 year experience in a clinical setting (oncology data...,Professional Research Assistant - Tissue Bank Coordinator/Da...,44250.0,moderate,0
Denver,"Computer Enterprises, Inc.","We are looking for a Software Engineer/Data Scientist with Real-time Big Data Processing, collection. Processing and collection is (70%) of the job and Data...",Software Engineer/Data Scientist,130000.0,high,1
Denver,University of Colorado,"And effective working relationships with physicians, scientists, and. Project data and protocols for COMIRB and other regulatory agency activities....",Regulatory & Compliance Manager,77500.0,moderate,0
Denver,University of Colorado,"Investigator, Study Sponsor, FDA, Data and Safety Monitoring Committee (DSMC),. And records all patient data essential to the study onto required Case Report....",Professional Research Assistant - Clinical Research Coordina...,47500.0,moderate,0
Boston,Jobspring Partners,"You’ll be analyzing medical data, claims data, and biometrics data and then building predictive models around this....",Data Scientist,100000.0,moderate,0
Boston,U.S. Department of Labor,Economic Data Management & Analysis. Grade 7 - Makes arrangements preparatory to obtaining data from enterprises for which the collection of data is expected to...,Statistician,50402.0,moderate,0
Boston,Apptopia Inc,We are looking for a Lead Data Scientist that will help us take the quality of our current estimation algorithms to the next level....,Data Scientist,100000.0,moderate,0
Boston,Department Of Labor,Grade 7 - Makes arrangements preparatory to obtaining data from enterprises for which the collection of data is expected to be straight forward and...,Statistician,50402.0,moderate,0
Boston,Strategic Employment Partners,"Ground-breaking startup, located in Waltham, involved with understanding cognitive studies, emotions, and psychology is looking to add a new Data Scientist....",Data Scientist,90000.0,moderate,0
Boston,ZP Group,"Piper Clinical Solutions is currently looking for a Senior Statistician to work in Cambridge, MA. The Senior Statistician will support a major clinical",Senior Statistician,127500.0,high,1
Boston,The Bivium Group,"Our Kendall Square startup client with MIT roots - is looking to hire 2 Data Analyst, Data Science types:. Analytics Team - take the data science and develop...","Data Analysts, Data Scientists - Kendall Square startup",107500.0,moderate,0
Boston,U.S. Federal Government,Support the End-to-End Scientist in the Chandra X-ray Center Data System Division. The employee reports to the Chandra X-ray Center Data System (CXCDS) End-to...,Astrophysicist,117234.5,moderate,0
Boston,Liberty Mutual,"In this role, you will collaborate closely with a team of data scientists and analysts. Perform all data preparation and exploratory data analysis steps,...",Principal Analyst\Asst. Director¸ Data Science,112500.0,moderate,0
Boston,Jobspring Partners,"Data Scientist, Job, Data, Scientist, intelligence platform, Boston, Massachusetts, mathematics, Python, R, Spark, high-level, energy service providers,...",Chief Data Scientist,240000.0,high,1
Boston,Boston Redevelopment Authority,Ability to understand and run data analytics. Analyze data collection and metrics for youth programming and provide recommendations....,SENIOR RESEARCH ANALYST,63000.0,moderate,0
Boston,Analytic Recruiting,"PhD, Data Scientist, Machine Learning, E-commerce. Experience with big data technologies (e.g. Solid foundation on data structures and algorithms....",Data Scientist,110000.0,moderate,0
Boston,Jobspring Partners,Well funded start up in Boston is hiring for a Senior Data Scientist to join their team to help solve some unique and interesting data problems....,Senior Data Scientist,150000.0,high,1
Boston,Analytic Recruiting,Analyst or Manager will leverage data assets to optimize profitability and improve consumer and small banking customer experience....,Quantitative Analyst or Manager Decision Sciences,110000.0,moderate,0
Boston,Strategic Employment Partners,"Professional experience in a data scientist, data analyst, or data architect role. They are currently looking to add a Senior level Data Scientist to head up...",Senior Data Scientist,130000.0,high,1
Boston,Strategic Employment Partners,Mentor and lead a team of Junior Data Scientists. Experience with data modeling as well as data engineering....,Lead Data Scientist,150000.0,high,1
Boston,U.S. Federal Government,Define system requirements to develop and evaluate MPC data systems and interfaces by working closely with scientists and other IT Specialists....,IT Specialist (APPSW),92524.5,moderate,0
Boston,Smith Hanley Associates,"Data Scientists, together with Data Engineers, Scientific Modelers and Scientific Programmers, are part of the core Analytics Solutions team....",Analytics Expert,145000.0,high,1
Boston,NJF Search,The firm specializes in artificial intelligence applied to financial markets. We are looking for two profiles: Junior Software Engineer 1-3 years of,Software Engineer - Machine Learning Team,200000.0,high,1
Boston,Jobspring Partners,"Data science, Tensorflow, Theano, Torch, Caffe , deep learning, neural networks, neural nets, numpy, scipy, pandas, python....",Machine Learning Researcher,135000.0,high,1
Boston,Smith Hanley Associates,"Data Scientists, together with Data Engineers, Scientific Modelers and Scientific Programmers, are part of the core Analytics Solutions team....",Analyst,60000.0,moderate,0
Boston,Systematix,"Analyze campaign data, interpret and synthesize results, and recommend action to optimize campaigns and keywords....",Search Marketing Specialist,75000.0,moderate,0
Boston,The Bivium Group,Jamie is a top ranked technical recruiter in Boston with 75+ Recommendations on LinkedIn that has been expertly recruiting and placing Software Engineers and...,Lead Ruby on Rails Architect - CTOs Right Hand,140000.0,high,1
Boston,Jobspring Partners,They’re looking for Data Scientists with a solid understanding of statistical programming languages (their primary language is SAS)....,Data Scientist (Marketing Mix Modeling),125000.0,high,1
Boston,Fanning Personnel,The Research Data will:. Validate investment exposure data across asset classes. The Research Data Analyst will possess following qualifications:....,Research Data Analyst,55000.0,moderate,0
Boston,The Bivium Group,Jamie is a top ranked technical recruiter in Boston w/65+ written linkedin endorsements that has been expertly recruiting and placing Software Engineers and...,Front-End Developer - JavaScript/HTML5 for EdTech startup/sp...,102500.0,moderate,0
Boston,TEEMA Solutions Group,Senior Software Scientist – Platform Tools R&D. Solid experience and utilization of the fundamentals in data structures and algorithms....,Senior Software Scientist – Platform Tools R&D,130000.0,high,1
Boston,A&A Seach,"Effective communication skills, both written and verbal, to communicate with scientists, engineers, and suppliers....",Embedded Software Engineer,100000.0,moderate,0
Boston,Execu | Search,"Experience working with equity data, programming complex research experiments, and developing mathematical models....",Quantitative Research Analyst,130000.0,high,1
Boston,Fanning Personnel,Gather and analyze data regarding relevant economic and investment developments. An investment management firm in Boston is seeking a Research Analyst.The...,Research Analyst,102500.0,moderate,0
Boston,Workbridge Associates,Exceptional interpersonal skills and ability to interact with customers - Senior Data Scientists with Lead experience would be ideal....,Senior/Lead Data Science Engineer,115000.0,moderate,0
Boston,3coast,VP - Predictive Modeling / Data Scientist. Handle missing data through an algorithmic approach such as multiple imputations to enable insights in sparse and...,VP - Predictive Modeling / Data Scientist,140000.0,high,1
Boston,Execu | Search,The Senior Data Scientist will:. 5+ years of experience as a Senior Data Scientist. Experience analyzing time series data....,Senior Data Scientist,120000.0,moderate,0
Boston,Penfield Search Partners,"Expertise in genetic, genomic and proteomics data analysis, including raw data processing and modeling of processed/normalized data, and familiarity with...","Manager, Exploratory Statistics",150000.0,high,1
Boston,Department of the Navy,"Retrieves data from various information sources, both manual and electronic, for use in answering questions, responding to correspondence, or preparing reports....",HUMAN RESOURCES ASSISTANT (MILITARY),39497.0,moderate,0
Boston,Workbridge Associates,This is an opportunity to join a team that develops massive real-time event processing and big data analytical systems all within a cloud and distributed...,Senior Java Computer Scientist,122500.0,high,1
Boston,Fanning Personnel,"Work with other members of the firm regarding investment research, analytics, asset allocation, risk and economic data Qualifications :....",Senior Research Analyst,95000.0,moderate,0
Boston,U.S. Federal Government,"This will include development and deployment of novel high-bandwidth data capture systems at radio telescopes around the Globe, construction of data analysis...",Program Manager,134772.5,high,1
Boston,Strategic Employment Partners,"Due to recent growth, they are in search of extremely bright junior developers to join their team of accomplished scientists and engineers....",Junior Java Software Engineer,57500.0,moderate,0
Boston,Jobspring Partners,"One of Boston's rapidly growing healthcare analytics companies, comprised of world-class scientists, doctors, and engineers, is currently looking to bring on a...",Senior Software Engineer,125000.0,high,1
Boston,The Bivium Group,Jamie is a top ranked technical recruiter in Boston w/65+ written linkedin endorsements that has been expertly recruiting and placing Software Engineers and...,"Software Development Manager, 60-70 percent hands-on Java",130000.0,high,1
Boston,John Leonard,"Salary: $65K - $80K 3+ years of experience in knowledge management, consulting, marketing, business development, or project management A leading global",Competitive Research Analyst #23654,72500.0,moderate,0
Boston,U.S. Federal Government,Provides expert technical consultation to CfA scientists and other engineering staff in instrument electrical design....,Electronics Engineer,117234.5,moderate,0
Boston,WinterWyman,Their platform is used by data scientists of all abilities to analyze data in a fast and efficient manner. Their platform will point out any patterns in the...,Distributed Systems OR Full - Stack Python,165000.0,high,1
Boston,Jobspring Partners,"Java, job, R, Python, Data Mining, Big Data, SPSS, SAS, BI, Tableau, Hadoop, Hive, Pig, Spark, machine learning, job, predictive analytics, data scientist,...",Junior Data Scientist,95000.0,moderate,0
Boston,Princeton Consulting,They are looking to add brilliant Data Scientists to their team. This firm uses computer vision and other machine learning technologies to discover meaningful...,Data Scientist,180000.0,high,1
Boston,The Bivium Group,"Company is seeking a new Data Engineer with strong data cloud services (EC2, AWS APIs) and restful services -- experience with data storage and retrieval...","Data Engineer - Big Data Services, AWS",125000.0,high,1
Boston,Workbridge Associates,"You will be working with a diverse team that includes doctors, researchers, and data scientists. Developed using Python, this platform utilizes a lot of data...",Senior Biomedical Developer (Python),115000.0,moderate,0
Atlanta,Centers for Disease Control and Prevention,As an Interdisciplinary Health Scientist/ Behavioral Scientist you will:. Manage improvement plan task completion and analyze performance data to track progress...,Interdisciplinary Health Scientist/ Behavioral Scientist,94531.0,moderate,0
Atlanta,Seeking Alpha Search International,"Working with data validation members and information technology professionals to determine model data integrity. Seeking Alpha Search International, Inc....",QUANTITATIVE MODEL VALIDATION ANALYST,155000.0,high,1
Atlanta,Centers for Disease Control and Prevention,"As a Health Scientist your will:. In addition to meeting the basic requirements, applicants must have one year of specialized experience, equivalent to the GS...",Health Scientist,79247.0,moderate,0
Atlanta,Centers for Disease Control and Prevention,"As a Supervisory Health Scientist, you will. Quality improvement and presentation and publication of data and research findings....",Supervisory Health Scientist,141158.0,high,1
Atlanta,Georgia State University,"Administers, collects, enters, analyzes, and reports data. Reviews, analyzes, updates, and edits analyses and data extracts....",Sponsor Funded Professional - Research Scientist I,60000.0,moderate,0
Atlanta,firstPRO,"Data scientist, SQL, data anlysis, R:. Fast growing, exciting company has an immediate need for a SQL Data Scientist on a direct hire basis....",Data Scientist / SQL,100000.0,moderate,0
Atlanta,"Wismettac Asian Foods, Inc.","Wismettac Asian Foods, Inc., (formerly Nishimoto Trading Co., Ltd.), in Norcross, GA, seeks a full-time Market Research Analyst to research market conditions...",Market Research Analyst,50794.0,moderate,0
Atlanta,Emory University,"Responsible for post-award processing of grants and contracts for a department, division or school. Provides account management, reconciliation, and",Research Financial Analyst (Dept/Sch),52300.0,moderate,0
Atlanta,Emory University,"Using an advanced knowledge of research methodology and techniques, provides leadership in the planning and development of survey instruments, guidelines, and...","Asc Dir, Research Projects",56200.0,moderate,0
Atlanta,Ga. Dept. of Admin. Services,Strong data research and analysis skills for the position of Statistical Data. To determine and map source to target data and documents data cleansing rules....,Statistical Data Analyst,41000.0,moderate,0
Atlanta,Emory University,"Compiles data and records results of studies for publications, grants and seminar presentations. The candidate should enjoy and be capable of working with...",Research Specialist,33400.0,moderate,0
Atlanta,firstPRO,"Growing and highly stable company has an immediate need for a Senior Software Engineer on a direct hire basis. In this role, you will play an integral role in",C++ Developer / Machine Learning,120000.0,moderate,0
Atlanta,CSTE,"Skills with developing and presenting epidemiologic data; For more than six decades, the Council of State and Territorial Epidemiologists (CSTE) and the Centers...",Associate Research Analyst,54182.0,moderate,0
Atlanta,Smith Hanley Associates,An individual with previous modeling experience in credit card transaction data is preferred. Degree or above in quantitative discipline with experience in Data...,Research Statistician - Payment Cards,65000.0,moderate,0
Atlanta,Selby Jennings,"While statistical modeling is a primary aspect of this position, quantitative analysis and owning your own data and findings is also a necessary responsibility....",Statistical Credit Risk Modeler | Top Performing Investment...,212500.0,high,1
Atlanta,JVI,Real Estate Research Analyst - Title Research Analyst Do you have years of real estate closing and/or title research experience but are tired of doing,Real Estate / Title Research Analyst,55000.0,moderate,0
Atlanta,Amana Academy Charter School,Accounts Receivables - data entry. Invoice data entry once approved. Our intent is to “push down the 4 walls of the school” by taking students out into the...,School Business Manager and Human Resources (HR),34999.5,moderate,0
Atlanta,Lighthouse Recruiting,A growing clinical toxicology laboratory is seeking a Certifying Scientist with strong chromatography skills to perform quantification and data review....,Certifying Scientist,62500.0,moderate,0
Atlanta,Smith Hanley Associates,-Business based experience doing data mining and statistical modeling. -Provide analytical solutions for business problems by developing and implementing...,Marketing Statistician,75000.0,moderate,0
Atlanta,Synergy Search Group,"Duties will include data conversion from multiple systems into analytical software such as ACL, using data analytical techniques to validate the integrity of...",Audit Snr (Banking) - Data Analysis 60K-80K,80000.0,moderate,0
Atlanta,Velossent,"Experience with leading teams comprised of Data Scientists, Data Engineers, and Data Analysts. Experience with building/managing Data Warehouses & Data Lakes....",Director of Data,160000.0,high,1
Atlanta,Principle Solutions Group,"Working knowledge of data center management concepts and practices. OR "" meng"" OR "" scientist"" OR "" technician"" OR "" technical"") AND ("" linux administrator"" OR...",DevOps Engineer,80000.0,moderate,0
Seattle,Harvey Nash USA,"They are looking for a Type B data scientist:. Data Science Engineer. Work with clean data. There's an aphorism that 80% of data science work is joining,...",Data Science Engineer,135000.0,high,1
Seattle,Prime Team Partners,4813 Data Scientist*. The team is open to hiring Data Scientists with the following credentials:. Prime Team Partners is currently partnering with client in the...,Data Scientist,150000.0,high,1
Seattle,All-In Analytics,"Digital Data Scientist. Big Data Mining and Analysis. Predictive Analytics, Machine Learning, Relevance Modeling, Click Through Rate Predictive Models,...",Digital Data Scientist,190000.0,high,1
Seattle,"Rakuten, Inc.","Additionally, this position provides an opportunity to apply Natural Language Processing (NLP) and Machine Learning (ML) algorithms to large-scale ecommerce...",Software Development Engineer (Machine Learning),140000.0,high,1
Seattle,Seattle Pacific University,"Manages data warehousing, data analytic solutions; This includes administration of business intelligence platforms, assisting with data governance, data...",BI/Data Architect,82500.0,moderate,0
Seattle,Pullskill Technologies,Lead Data Scientist Recruiter*. Data Scientist – SWE Team. Data Scientist (Software Engineering) – Advance Analytics*. Big Data & ML....,Data Scientist (Software Engineering),120000.0,moderate,0
Seattle,Washington State Government,Evaluates data quality. MEL is looking for candidates that have a strong technical understanding of environmental laboratory data and data validation;...,Quality Assurance Coordinator (Chemist 4) (In-Training),71592.0,moderate,0
Seattle,All-In Analytics,"Data Scientist, Compensation Analytics. Must be highly proficient in Microsoft Excel, PowerPoint and Salesforce.com and technically savvy for other data systems...","Sr. Data Scientist, Compensation Analytics",120000.0,moderate,0
Seattle,University of Washington School of Medicine,Postdoctoral Fellow/Research Scientist II. Assisting in the training of junior scientists. Presentations of data in lab meetings and publications....,Postdoc / Research Scientist,40000.0,moderate,0
Seattle,"Job Brokers, Inc.","The role will be responsible for providing direction and training to employees (managers, process and design engineers, technicians and scientists) on...",Document Control Manager,80000.0,moderate,0
Seattle,All-In Analytics,Searching for a top notch business scientist to draw insights from big data and automate processes to transfer this info in real time across the organization....,Senior Business Intelligence Scientist,190000.0,high,1
Seattle,State of Washington,Evaluates data quality. MEL is looking for candidates that have a strong technical understanding of environmental laboratory data and data validation;...,Quality Assurance Coordinator (Chemist 4) (In-Training),71592.0,moderate,0
Seattle,All-In Analytics,"Business Intelligence Scientist. SQL, Digital Analytics, eCommerce, Big Data, A/B Testing, data mining, data analysis, reporting, dashboarding, product...",Business Intelligence Scientist,125000.0,high,1
Seattle,All-In Analytics,Business Intelligence Data Scientist. Our client is looking for an Senior Business Intelligence Data Scientist to join their insights team....,Business Intelligence Data Scientist,135000.0,high,1
Seattle,All-In Analytics,"Big Data Scientist. Looking for an outstanding Big Data Scientist to be a part of our HR Analytics Team. Organized, detail oriented, multi-tasking, deep data...",Data Scientist,150000.0,high,1
Seattle,All-In Analytics,Senior Business Intelligence Data Scientist. Our client is looking for an Senior Business Intelligence Data Scientist to join their insights team....,Senior Business Intelligence Data Scientist,190000.0,high,1
Seattle,Department Of Veterans Affairs,"Primary LIM Support focus will be Central Lab, Reference Lab, Data Innovations, Ancillary Testing, and Anatomic Pathology with a secondary focus in Blood Bank,...",Medical Technologist (Laboratory Information Manager),87313.5,moderate,0
Seattle,King County,"Conduct comprehensive data and project review of Trace Organics' analytical data including:. Checks for completeness, calculation accuracy, data interpretation,...",Trace Organics - Environmental Lab Scientist II,81078.0,moderate,0
Seattle,Department of the Navy,"Interprets housing data to present recommendations to a variety of organizational levels. From pipefitters to accountants, scientists to engineers, doctors to...",HOUSING MANAGEMENT SPECIALIST,72845.5,moderate,0
Seattle,Department Of Veterans Affairs,"Skilled in informatics, laboratory data flow and the understanding of laboratory processes. All candidates must currently possess or be eligible for and pass...",Medical Technologist,59910.0,moderate,0
Austin,TechTank Staffing & Consulting Solutions,What are we looking for in this Data Scientist Programmer/Specialist:. Data Scientists - Not necessarily picking apart data models but being able to find a good...,Data Scientist Programmer/Specialist,140000.0,high,1
Austin,All-In Analytics,Home About Hiring? Job Portal Apply $2K Referral Blog Account Job Portal Fatal error : Uncaught exception 'Httpful\Exception\ConnectionErrorException' with,Senior Deep Learning Data Scientist,150000.0,high,1
Austin,Roland & Associates,You have 3 years of hands-on data science work. You have experience in analysing the data for better understanding of web pages....,Data Scientist - Big Data,160000.0,high,1
Austin,Myriad Development,"Myriad Development is an Austin, TX based leader in cloud based information and technology solutions to the Financial Services markets. Myriad Development has",Research Analyst/Customer Serv,35000.0,moderate,0
Austin,JE Compliance,"The ability to interact with many different types of individuals, including executives, scientists, engineers, and other business professionals....",International Environmental Specialist,41000.0,moderate,0
Austin,Providence Partners,"Company Located in South Austin, we are the leading information security research and advisory company globally. Benefits Phenomenal health benefits 3","Research Analyst (excel, analysis, client-facing)",65000.0,moderate,0
Austin,Emoters Robotics,"At Emoters, we’re developing tiny, autonomous robots that interact with their users much like pets. These robots are being designed to be lifelike, exhibit","Robotics software engineer (involves machine learning, AI, a...",85000.0,moderate,0
Austin,Roland & Associates,Data Scientist.Job Type :. They are currently seeking a Data Scientist Professional for a role who will be responsible to Model the complex interactions between...,Data Scientist,160000.0,high,1
